Sample	Predicted_by_model	Artifacts_filter	Minus_haplo_filter	pRR_Data	pRD_Data	pDD_Data	Notes	N_reads_ref	N_reads_del	Coverage_ref	Coverage_alt	SNP_1_rs113341849	SNP_2_rs113010081	SNP_3_rs11574435	SNP_4_rs79815064	referencecount	purereferencecount	haplocount	purehaplocount	notavail	coverage
NEO180	RD	RR	RR	1.05E-04	0.991066398	0.008828866	Artifact. Only SNP3 called (looks like ancient DNA damage)	1	0	0	0.25	0	0	1	0	14	12	20	18	54	0.385187792
NEO27	RD	RR	RR	4.30E-09	0.999999996	1.13E-66	"High confidence (has reads with the deletion, i.e. N_reads_del > 0)"	7	1	3	0.75	0	0	1	2	69	14	64	9	8	3.315555818
NEO300	RD	RD	RR	9.50E-12	1	5.13E-24	Probably minus haplotype	1	0	1.25	0.75	0	0	1	2	68	26	54	12	6	2.376678727
NEO309	RD	RD	RD	7.05E-27	1	6.50E-14	"High confidence (has reads with the deletion, i.e. N_reads_del > 0)"	3	2	0.5	1.25	1	2	0	2	58	22	54	18	10	2.27524926
NEO590	RD	RD	RR	2.12E-04	0.999788218	1.03E-07	Probably minus haplotype	1	0	0.25	0.25	0	0	0	1	40	24	32	16	30	1.007854227
NEO631	RD	RR	RR	0.176490364	0.823509636	5.06E-38	Probably minus haplotype	5	0	1.5	0.25	0	0	1	0	49	29	31	11	26	1.659691875
NEO683	RD	RR	RR	0.026380721	0.973619279	1.18E-37	Probably minus haplotype	1	0	2	0.25	0	0	1	0	62	31	41	10	14	1.81852777
NEO853	RD	RR	RR	0.013080331	0.986919669	7.80E-25	"Artifact. Only 2 alternate allele called in the entire haplotype, including SNP1, that looks like ancient DNA damage"	5	0	0.75	0.25	1	0	0	0	72	70	2	0	14	1.964862968
NEO855	RD	RD	RD	0.0016625	0.9983375	4.06E-14	"Less confidence (no reads with the deletion, i.e. N_reads_del == 0)"	3	0	0.5	0.25	0	0	0	1	4	4	61	61	21	1.382977
NEO878	RD	RD	RD	0.101257358	0.89874263	1.25E-08	"Less confidence (no reads with the deletion, i.e. N_reads_del == 0)"	0	1	0.5	0	0	0	0	0	18	14	10	6	62	0.277132198
NEO946	RD	RD	RD	3.67E-15	1	4.38E-11	"High confidence (has reads with the deletion, i.e. N_reads_del > 0)"	1	1	0.5	0.75	1	2	0	0	45	29	29	13	28	1.240395054
NEO115	RR	RR	RR	0.99993858	6.14E-05	1.23E-55	NA	3	0	2.75	0	0	0	0	0	78	75	3	0	8	2.042209197
NEO116	RR	RR	RR	1	3.99E-15	2.65E-170	NA	18	0	7.5	0	0	0	0	0	84	78	6	0	2	5.729408753
NEO121	RR	RR	RR	0.998017941	0.001982059	2.68E-35	NA	3	0	1.5	0	0	0	0	0	45	44	1	0	41	0.530892193
NEO122	RR	RR	RR	0.992126128	0.007873872	3.07E-26	NA	4	0	0.75	0	0	0	0	0	37	37	1	1	48	0.564966744
NEO123	RR	RR	RR	0.79991756	0.20008243	1.04E-08	NA	1	0	0.25	0	0	0	0	0	31	31	0	0	55	0.286386228
NEO142	RR	RR	RR	0.941129435	0.058870565	1.35E-17	NA	1	0	0.75	0	0	0	0	0	54	54	0	0	32	0.895629723
NEO160	RR	RR	RR	0.941137949	0.058862051	1.08E-17	NA	1	0	0.75	0	0	0	0	0	39	19	38	18	29	1.326576858
NEO163	RR	RR	RR	0.888835386	0.111164614	3.05E-13	NA	1	0	0.5	0	0	0	0	0	24	24	0	0	62	0.226384639
NEO166	RR	RR	RR	0.99993782	6.22E-05	1.39E-56	NA	4	0	2.5	0	0	0	0	0	79	79	0	0	7	2.153362943
NEO170	RR	RR	RR	0.79991756	0.20008243	1.04E-08	NA	1	0	0.25	0	0	0	0	0	32	32	0	0	54	0.418896877
NEO171	RR	RR	RR	0.666283415	0.333333333	3.83E-04	NA	1	0	0	0	0	0	0	0	29	19	30	20	37	0.818232704
NEO173	RR	RR	RR	0.940684923	0.059315077	6.17E-13	NA	3	0	0.25	0	0	0	0	0	55	55	0	0	31	0.689663925
NEO174	RR	RR	RR	0.999875777	1.24E-04	5.07E-51	NA	4	0	2.25	0	0	0	0	0	63	63	0	0	23	1.152059756
NEO178	RR	RR	RR	0.799480734	0.200519197	6.82E-08	NA	1	0	0.25	0	0	0	0	0	30	30	0	0	56	0.324333206
NEO18	RR	RR	RR	0.999996096	3.90E-06	1.91E-70	NA	4	0	3.5	0	0	0	0	0	80	75	5	0	6	3.704793571
NEO184	RR	RR	RR	0.94099379	0.05900621	5.63E-17	NA	1	0	0.75	0	0	0	0	0	47	47	0	0	39	0.695336472
NEO185	RR	RR	RR	0.996006496	0.003993504	3.21E-28	NA	5	0	0.75	0	0	0	0	0	37	24	33	20	29	1.213238119
NEO186	RR	RR	RR	0.799862269	0.200137713	1.77E-08	NA	1	0	0.25	0	0	0	0	0	20	20	0	0	66	0.368424063
NEO187	RR	RR	RR	0.79991756	0.20008243	1.04E-08	NA	1	0	0.25	0	0	0	0	0	13	11	7	5	68	0.16188839
NEO19	RR	RR	RR	0.999877734	1.22E-04	6.77E-54	NA	2	0	2.75	0	0	0	0	0	79	75	4	0	7	3.262849417
NEO193	RR	RR	RR	0.940983575	0.059016425	4.47E-16	NA	1	0	0.75	0	0	0	0	0	14	14	1	1	71	0.232823778
NEO194	RR	RR	RR	0.992217949	0.007782051	5.28E-28	NA	3	0	1	0	0	0	0	0	72	72	0	0	14	1.626304895
NEO197	RR	RR	RR	0.969373332	0.030626668	1.83E-19	NA	2	0	0.75	0	0	0	0	0	21	19	20	18	47	0.610890023
NEO200	RR	RR	RR	0.992235654	0.007764346	1.43E-28	NA	3	0	1	0	0	0	0	0	47	47	0	0	39	0.714874454
NEO202	RR	RR	RR	0.999877768	1.22E-04	2.15E-57	NA	1	0	3	0	0	0	0	0	9	8	69	68	9	2.217735963
NEO212	RR	RR	RR	0.999992277	7.72E-06	1.52E-71	NA	4	0	3.25	0	0	0	0	0	77	60	19	2	7	3.17788424
NEO225	RR	RR	RR	0.999999939	6.12E-08	2.42E-96	NA	5	0	4.75	0	0	0	0	0	85	82	3	0	1	4.586900001
NEO226	RR	RR	RR	0.799626322	0.200372958	7.20E-07	NA	2	0	0	0	0	0	0	0	27	27	1	1	58	0.453088794
NEO228	RR	RR	RR	0.799822338	0.200177639	2.30E-08	NA	1	0	0.25	0	0	0	0	0	15	15	0	0	71	0.171588705
NEO23	RR	RR	RR	0.999998083	1.92E-06	1.43E-78	NA	3	0	4	0	0	0	0	0	81	77	4	0	5	3.33772768
NEO25	RR	RR	RR	0.799913333	0.200086646	2.07E-08	NA	1	0	0.25	0	0	0	0	0	31	31	0	0	55	0.356367248
NEO260	RR	RR	RR	1	2.44E-10	3.25E-124	NA	12	0	5	0	0	0	0	0	83	77	6	0	3	4.699074889
NEO261	RR	RR	RR	0.999006978	9.93E-04	2.81E-39	NA	4	0	1.5	0	0	0	0	0	65	17	60	12	9	2.750153478
NEO281	RR	RR	RR	0.999984697	1.53E-05	1.42E-67	NA	3	0	3.25	0	0	0	0	0	77	75	2	0	9	3.607878115
NEO283	RR	RR	RR	0.992097269	0.007902731	1.36E-25	NA	3	0	1	0	0	0	0	0	45	45	0	0	41	0.78598013
NEO29	RR	RR	RR	0.940917279	0.059082721	1.60E-16	NA	1	0	0.75	0	0	0	0	0	52	52	0	0	34	0.530600133
NEO302	RR	RR	RR	0.999999039	9.61E-07	2.41E-85	NA	4	0	4	0	0	0	0	0	82	81	1	0	4	2.940287877
NEO304	RR	RR	RR	0.941145012	0.058854988	8.54E-18	NA	1	0	0.75	0	0	0	0	0	54	52	2	0	32	1.206831846
NEO305	RR	RR	RR	0.999992356	7.64E-06	7.77E-75	NA	2	0	3.75	0	0	0	0	0	76	74	2	0	10	2.194958423
NEO306	RR	RR	RR	0.999999758	2.42E-07	6.55E-92	NA	5	0	4.25	0	0	0	0	0	77	74	3	0	9	2.416109228
NEO310	RR	RR	RR	0.999969235	3.08E-05	2.64E-61	NA	5	0	2.5	0	0	0	0	0	58	57	2	1	27	1.278435989
NEO36	RR	RR	RR	0.99886448	0.00113552	3.21E-90	NA	8	0	4	0.25	1	0	0	0	76	70	6	0	10	2.384739487
NEO38	RR	RR	RR	0.666153649	0.333333333	0.000513018	NA	1	0	0	0	0	0	0	0	6	6	0	0	80	0.093544526
NEO498	RR	RR	RR	0.999992237	7.76E-06	1.11E-66	NA	4	0	3.25	0	0	0	0	0	74	72	2	0	12	2.113475701
NEO502	RR	RR	RR	0.999875098	1.25E-04	7.41E-49	NA	5	0	2	0	0	0	0	0	63	63	1	1	22	1.321924943
NEO503	RR	RR	RR	0.88879408	0.11120592	5.65E-13	NA	1	0	0.5	0	0	0	0	0	3	3	10	10	73	0.288050931
NEO509	RR	RR	RR	0.999007722	9.92E-04	5.47E-38	NA	4	0	1.5	0	0	0	0	0	78	75	3	0	8	2.35778241
NEO51	RR	RR	RR	0.799502547	0.200496091	1.36E-06	NA	2	0	0	0	0	0	0	0	45	43	3	1	40	0.646684728
NEO516	RR	RR	RR	0.888647713	0.111352287	1.49E-12	NA	1	0	0.5	0	0	0	0	0	24	24	1	1	61	0.261657085
NEO52	RR	RR	RR	0.798060824	0.201938919	2.56E-07	NA	1	0	0.25	0	0	0	0	0	9	9	1	1	76	0.105549772
NEO521	RR	RR	RR	0.664832646	0.333333333	0.001834021	NA	1	0	0	0	0	0	0	0	11	11	0	0	75	0.156386947
NEO528	RR	RR	RR	0.666340987	0.333333333	3.26E-04	NA	1	0	0	0	0	0	0	0	18	17	3	2	66	0.205888928
NEO538	RR	RR	RR	0.872446905	0.127553095	2.67E-64	NA	5	0	3	0.25	0	0	1	0	68	26	56	14	4	2.625522963
NEO555	RR	RR	RR	0.99999805	1.95E-06	8.86E-74	NA	6	0	3.25	0	0	0	0	0	71	69	2	0	15	2.097005144
NEO556	RR	RR	RR	0.99607839	0.00392161	4.01E-33	NA	2	0	1.5	0	0	0	0	0	57	57	0	0	29	1.122201651
NEO557	RR	RR	RR	0.94108139	0.05891861	2.86E-17	NA	1	0	0.75	0	0	0	0	0	52	51	2	1	33	0.777654091
NEO558	RR	RR	RR	0.992220132	0.007779868	4.39E-29	NA	1	0	1.5	0	0	0	0	0	49	48	1	0	37	0.709882856
NEO559	RR	RR	RR	0.998049319	0.001950681	1.18E-40	NA	1	0	2	0	0	0	0	0	61	58	4	1	24	1.228507174
NEO560	RR	RR	RR	0.992178504	0.007821496	1.04E-26	NA	3	0	1	0	0	0	0	0	69	68	1	0	17	1.548541653
NEO561	RR	RR	RR	0.999508161	4.92E-04	9.69E-46	NA	3	0	2	0	0	0	0	0	62	62	3	3	21	1.359007723
NEO570	RR	RR	RR	0.999728372	2.72E-04	6.79E-70	NA	4	1	3.25	0	0	0	0	0	83	81	2	0	3	2.861753026
NEO589	RR	RR	RR	1	1.18E-10	6.04E-141	NA	6	0	6.75	0	0	0	0	0	85	79	6	0	1	7.410700578
NEO597	RR	RR	RR	0.664832646	0.333333333	0.001834021	NA	1	0	0	0	0	0	0	0	18	18	0	0	68	0.177413333
NEO598	RR	RR	RR	0.941100902	0.058899098	9.89E-16	NA	2	0	0.5	0	0	0	0	0	49	49	0	0	37	0.727204432
NEO609	RR	RR	RR	0.666340987	0.333333333	3.26E-04	NA	1	0	0	0	0	0	0	0	12	12	0	0	74	0.134584406
NEO62	RR	RR	RR	0.999501365	4.99E-04	3.21E-45	NA	2	0	2.25	0	0	0	0	0	54	24	44	14	18	1.769807411
NEO624	RR	RR	RR	0.99999232	7.68E-06	1.28E-67	NA	4	0	3.25	0	0	0	0	0	76	75	1	0	10	2.099933966
NEO625	RR	RR	RR	0.969677542	0.030322458	1.17E-21	NA	1	0	1	0	0	0	0	0	53	51	2	0	33	1.072083959
NEO63	RR	RR	RR	0.665077473	0.333333333	0.001589193	NA	1	0	0	0	0	0	0	0	2	2	3	3	81	0.065534918
NEO630	RR	RR	RR	0.887447085	0.112552914	2.23E-10	NA	1	0	0.5	0	0	0	0	0	23	23	0	0	63	0.211902615
NEO632	RR	RR	RR	0.999755259	2.45E-04	5.80E-51	NA	1	0	2.75	0	0	0	0	0	71	70	1	0	15	1.660733375
NEO641	RR	RR	RR	0.888557744	0.111442256	1.27E-11	NA	1	0	0.5	0	0	0	0	0	22	22	0	0	64	0.26184454
NEO646	RR	RR	RR	0.999021874	9.78E-04	2.46E-40	NA	4	0	1.5	0	0	0	0	0	40	23	35	18	28	1.590267827
NEO649	RR	RR	RR	0.797716284	0.202283414	3.02E-07	NA	1	0	0.25	0	0	0	0	0	26	26	0	0	60	0.197676118
NEO65	RR	RR	RR	0.999008771	9.91E-04	7.83E-39	NA	2	0	2	0	0	0	0	0	69	67	2	0	17	1.427496322
NEO657	RR	RR	RR	0.888830178	0.111169822	1.21E-12	NA	1	0	0.5	0	0	0	0	0	14	14	0	0	72	0.117859698
NEO658	RR	RR	RR	0.888673582	0.111326418	3.76E-11	NA	2	0	0.25	0	0	0	0	0	36	36	0	0	50	0.564482061
NEO694	RR	RR	RR	0.88883143	0.11116857	7.65E-13	NA	1	0	0.5	0	0	0	0	0	20	20	0	0	66	0.284758834
NEO70	RR	RR	RR	0.999999879	1.21E-07	1.50E-92	NA	4	0	4.75	0	0	0	0	0	80	76	4	0	6	3.437898021
NEO702	RR	RR	RR	0.664526485	0.333333333	0.002140182	NA	1	0	0	0	0	0	0	0	8	8	0	0	78	0.149779951
NEO721	RR	RR	RR	0.666340987	0.333333333	3.26E-04	NA	1	0	0	0	0	0	0	0	24	24	0	0	62	0.358210677
NEO73	RR	RR	RR	0.996059716	0.003940284	2.62E-29	NA	3	0	1.25	0	0	0	0	0	30	18	25	13	43	0.69400089
NEO737	RR	RR	RR	0.940998535	0.059001465	1.21E-15	NA	2	0	0.5	0	0	0	0	0	21	21	0	0	65	0.242788049
NEO738	RR	RR	RR	0.992237356	0.007762644	4.86E-30	NA	2	0	1.25	0	0	0	0	0	36	24	36	24	26	1.207424862
NEO739	RR	RR	RR	0.999015076	9.85E-04	2.90E-42	NA	1	0	2.25	0	0	0	0	0	71	70	1	0	15	1.881093892
NEO749	RR	RR	RR	0.999016921	9.83E-04	9.02E-38	NA	4	0	1.5	0	0	0	0	0	74	73	2	1	11	1.905133435
NEO751	RR	RR	RR	0.888122908	0.111877092	1.18E-10	NA	2	0	0.25	0	0	0	0	0	10	10	3	3	73	0.297822065
NEO752	RR	RR	RR	0.999984655	1.53E-05	8.90E-66	NA	4	0	3	0	0	0	0	0	71	70	1	0	15	2.094463353
NEO759	RR	RR	RR	0.999992132	7.87E-06	6.98E-67	NA	4	0	3.25	0	0	0	0	0	82	80	2	0	4	2.948103712
NEO78	RR	RR	RR	0.998997562	0.001002438	4.36E-33	NA	4	0	1.5	0	0	0	0	0	48	45	3	0	38	1.063039503
NEO79	RR	RR	RR	0.888123419	0.11187658	5.49E-10	NA	2	0	0.25	0	0	0	0	0	39	39	1	1	46	0.577202425
NEO791	RR	RR	RR	0.999984606	1.54E-05	2.55E-64	NA	6	0	2.5	0	0	0	0	0	74	73	1	0	12	2.492448215
NEO80	RR	RR	RR	0.940744265	0.059255735	3.08E-14	NA	2	0	0.5	0	0	0	0	0	27	26	1	0	59	0.486251356
NEO806	RR	RR	RR	0.998031364	0.001968636	2.51E-34	NA	3	0	1.5	0	0	0	0	0	41	22	39	20	25	1.328526473
NEO812	RR	RR	RR	1	2.64E-10	1.05E-143	NA	11	1	6.5	0	0	0	0	0	85	79	6	0	1	6.542360034
NEO813	RR	RR	RR	1	6.06E-11	6.75E-127	NA	12	0	5.5	0	0	0	0	0	84	76	8	0	2	4.954342033
NEO814	RR	RR	RR	0.79991756	0.20008243	1.04E-08	NA	1	0	0.25	0	0	0	0	0	6	6	0	0	80	0.055288692
NEO816	RR	RR	RR	0.940802588	0.059197412	1.26E-14	NA	2	0	0.5	0	0	0	0	0	54	54	0	0	32	0.940243388
NEO819	RR	RR	RR	0.798054062	0.201945294	6.43E-07	NA	1	0	0.25	0	0	0	0	0	20	19	1	0	66	0.297114453
NEO83	RR	RR	RR	0.998010806	0.001989194	1.40E-32	NA	1	0	2	0	0	0	0	0	65	65	0	0	21	1.294101074
NEO843	RR	RR	RR	0.9980443	0.0019557	6.24E-36	NA	4	0	1.25	0	0	0	0	0	51	22	42	13	22	1.29843282
NEO866	RR	RR	RR	0.999510322	4.90E-04	2.08E-46	NA	1	0	2.5	0	0	0	0	0	69	68	1	0	17	1.521286722
NEO87	RR	RR	RR	0.666340987	0.333333333	3.26E-04	NA	1	0	0	0	0	0	0	0	9	9	0	0	77	0.183898205
NEO870	RR	RR	RR	0.984355038	0.015644962	1.91E-23	NA	2	0	1	0	0	0	0	0	39	39	0	0	47	0.57663287
NEO876	RR	RR	RR	0.666191664	0.333333333	4.75E-04	NA	1	0	0	0	0	0	0	0	10	10	0	0	76	0.051347724
NEO88	RR	RR	RR	0.999754034	2.46E-04	1.08E-46	NA	3	0	2.25	0	0	0	0	0	80	76	4	0	6	2.621733788
NEO891	RR	RR	RR	0.969679494	0.030320506	2.33E-22	NA	1	0	1	0	0	0	0	0	45	45	0	0	41	0.595471133
NEO898	RR	RR	RR	0.999999999	1.08E-09	1.55E-183	NA	6	0	9.5	0.25	0	0	1	0	80	75	5	0	6	3.801937495
NEO910	RR	RR	RR	0.666340987	0.333333333	3.26E-04	NA	1	0	0	0	0	0	0	0	9	9	0	0	77	0.106696269
NEO911	RR	RR	RR	0.999999993	7.49E-09	1.18E-115	NA	4	0	5.75	0	0	0	0	0	81	80	1	0	5	3.020041663
NEO912	RR	RR	RR	0.998049241	0.001950759	2.96E-40	NA	1	0	2	0	0	0	0	0	55	54	1	0	31	1.077925357
NEO917	RR	RR	RR	0.99943018	5.70E-04	2.97E-100	NA	6	0	4.75	0.25	0	0	1	0	79	76	3	0	7	3.701637104
NEO92	RR	RR	RR	0.98452107	0.01547893	2.64E-24	NA	2	0	1	0	0	0	0	0	47	46	1	0	39	0.60798205
NEO925	RR	RR	RR	0.969403368	0.030596632	5.03E-18	NA	2	0	0.75	0	0	0	0	0	15	15	0	0	71	0.294332844
NEO93	RR	RR	RR	0.999938475	6.15E-05	5.14E-59	NA	2	0	3	0	0	0	0	0	75	70	5	0	11	1.983802552
NEO932	RR	RR	RR	0.99999952	4.80E-07	5.04E-86	NA	5	0	4	0	0	0	0	0	77	74	3	0	9	2.7601622
NEO933	RR	RR	RR	0.888717943	0.111282057	2.56E-12	NA	1	0	0.5	0	0	0	0	0	41	40	1	0	45	0.522015892
NEO935	RR	RR	RR	1	2.30E-13	1.07E-182	NA	5	0	9.25	0	0	0	0	0	85	78	7	0	1	5.027509563
NEO938	RR	RR	RR	0.969392009	0.030607991	1.02E-18	NA	2	0	0.75	0	0	0	0	0	40	40	0	0	46	0.475151457
NEO941	RR	RR	RR	0.660687593	0.333333333	0.005979073	NA	1	0	0	0	0	0	0	0	6	6	4	4	76	0.135296816
NEO942	RR	RR	RR	0.969649701	0.030350299	5.00E-21	NA	1	0	1	0	0	0	0	0	39	39	0	0	47	0.890575166
NEO943	RR	RR	RR	0.995629206	0.004370794	8.88E-50	NA	3	1	2.5	0	0	0	0	0	66	65	3	2	18	1.754137916
NEO945	RR	RR	RR	0.998034001	0.001965999	3.21E-35	NA	4	0	1.25	0	0	0	0	0	67	63	4	0	19	1.384502704
NEO951	RR	RR	RR	0.94077923	0.05922077	7.74E-16	NA	1	0	0.75	0	0	0	0	0	47	47	1	1	38	0.448157164
VK298	DD	RD	RD	5.78E-16	0.059062962	0.940937038	We think it's an RD because we have reference calls for the haplotype (referencecount = 21)	0	1	0	0.75	1	1	1	0	21	20	17	16	49	0.405316052
VK408	DD	RD	RD	3.38E-07	0.200820638	0.799179024	"We think it's an RD because we have N_reads_del == 0, and 1 SNP1 but the haplotype coverage is low"	0	1	0	0.25	0	1	0	0	9	9	4	4	73	0.172757575
VK128	RD	RD	RD	2.50E-13	1	4.17E-12	"High confidence (has reads with the deletion, i.e. N_reads_del > 0)"	2	2	0.5	0.5	1	1	0	0	49	26	43	20	17	1.515597894
VK134	RD	RR	RR	8.44E-04	0.99915585	2.18E-11	"Artifact. Only 1 alternate allele called in the entire haplotype: SNP3, that looks like ancient DNA damage"	1	0	0.5	0.25	0	0	1	0	49	49	1	1	36	0.667841422
VK146	RD	RD	RD	4.19E-06	0.999576663	4.19E-04	"High confidence (has reads with the deletion, i.e. N_reads_del > 0)"	0	1	0.25	0.25	0	0	0	1	46	27	36	17	23	1.234583764
VK147	RD	RD	RD	2.10E-14	1	4.30E-14	"High confidence (has reads with the deletion, i.e. N_reads_del > 0)"	1	1	0.75	0.75	1	0	2	0	41	28	29	16	29	0.860296446
VK151	RD	RD	RD	3.38E-26	1	5.44E-19	"High confidence (has reads with the deletion, i.e. N_reads_del > 0)"	2	2	1	1.5	1	4	1	0	47	25	37	15	24	1.192236973
VK17	RD	RD	RD	4.17E-04	0.999426722	1.57E-04	"Less confidence (no reads with the deletion, i.e. N_reads_del == 0)"	2	0	0	0.25	0	1	0	0	19	15	20	16	51	0.544730056
VK175	RD	RD	RD	6.68E-07	0.999987818	1.15E-05	"High confidence (has reads with the deletion, i.e. N_reads_del > 0)"	0	1	0.5	0.25	0	1	0	0	38	23	32	17	31	0.946389495
VK176	RD	RR	RR	0.211443189	0.788556811	1.21E-33	"Artifact. Only 2 alternate allele called in the entire haplotype, including SNP3, that looks like ancient DNA damage"	4	0	1.5	0.25	0	0	1	0	80	78	2	0	6	2.521164076
VK202	RD	RD	RD	3.56E-07	0.999999644	4.03E-18	"Less confidence (no reads with the deletion, i.e. N_reads_del == 0)"	1	0	1	0.5	1	0	1	0	38	27	28	17	31	1.183472351
VK221	RD	RD	RD	7.72E-23	1	7.43E-26	"High confidence (has reads with the deletion, i.e. N_reads_del > 0)"	0	2	1.75	1.25	1	2	1	1	56	24	46	14	16	2.038126876
VK238	RD	RR	RR	0.119562921	0.880437079	2.67E-35	"Artifact. Only 1 alternate allele called in the entire haplotype: SNP3, that looks like ancient DNA damage"	1	0	2	0.25	1	0	0	0	70	69	1	0	16	1.414145494
VK264	RD	RR	RR	0.006690305	0.993309695	4.01E-21	"Artifact. Only 3 alternate allele called in the entire haplotype, including SNP3, that looks like ancient DNA damage"	2	0	1	0.25	0	0	1	0	54	52	3	1	31	1.034693764
VK279	RD	RD	RD	4.93E-09	0.999999995	1.05E-17	"High confidence (has reads with the deletion, i.e. N_reads_del > 0)"	1	1	1	0.5	0	1	1	0	58	20	57	19	9	2.496781162
VK301	RD	RD	RD	2.09E-04	0.991520042	0.008270846	"Less confidence (no reads with the deletion, i.e. N_reads_del == 0)"	1	0	0	0.25	0	1	0	0	26	21	27	22	38	0.762184806
VK308	RD	RD	RD	3.68E-09	0.999999996	9.41E-12	"High confidence (has reads with the deletion, i.e. N_reads_del > 0)"	0	2	0.75	0.25	1	0	0	0	42	21	42	21	23	1.516902124
VK316	RD	RD	RR	1.41E-07	0.999999446	4.13E-07	Probably minus haplotype	1	0	0.25	0.5	0	0	2	0	46	31	34	19	21	1.520304738
VK317	RD	RD	RD	3.85E-14	0.998314767	0.001685233	"High confidence (has reads with the deletion, i.e. N_reads_del > 0)"	0	1	0.25	0.75	1	2	0	0	47	24	39	16	23	1.286658462
VK326	RD	RD	RD	1.92E-09	0.999999997	7.33E-10	"Less confidence (no reads with the deletion, i.e. N_reads_del == 0)"	1	0	0.5	0.75	2	0	1	0	49	23	40	14	23	1.318281593
VK342	RD	RD	RR	0.008413647	0.991586353	1.13E-18	Probably minus haplotype	1	0	1	0.25	0	0	0	1	54	34	33	13	19	1.458128937
VK343	RD	RR	RR	0.01329325	0.98670675	3.72E-23	"Artifact. Only 1 alternate allele called in the entire haplotype: SNP3, that looks like ancient DNA damage"	4	0	0.75	0.25	0	0	1	0	65	64	1	0	21	1.313396716
VK344	RD	RD	RD	6.24E-07	0.999983088	1.63E-05	"High confidence (has reads with the deletion, i.e. N_reads_del > 0)"	2	1	0	0.25	0	0	1	0	41	24	27	10	35	1.026079622
VK348	RD	RD	RD	8.39E-23	0.993289057	0.006710943	"High confidence (has reads with the deletion, i.e. N_reads_del > 0)"	0	1	0.25	1.25	2	0	2	1	35	20	34	19	32	1.075260883
VK349	RD	RD	RD	2.34E-05	0.999976578	1.29E-22	"High confidence (has reads with the deletion, i.e. N_reads_del > 0)"	1	1	1.25	0.25	1	0	0	0	36	19	31	14	36	1.307470634
VK352	RD	RR	RR	8.34E-04	0.999165543	5.34E-10	"Artifact. Only 2 alternate allele called in the entire haplotype, including SNP3, that looks like ancient DNA damage"	1	0	0.5	0.25	0	0	1	0	59	57	2	0	27	1.199403046
VK358	RD	RR	RR	0.063289145	0.936710855	4.13E-21	"Artifact. Only 1 alternate allele called in the entire haplotype: SNP3, that looks like ancient DNA damage"	3	0	0.75	0.25	0	0	1	0	57	56	1	0	29	1.052741952
VK368	RD	RD	RD	1.19E-11	1	1.93E-10	"Less confidence (no reads with the deletion, i.e. N_reads_del == 0)"	1	0	0.5	0.75	1	2	0	0	34	20	34	20	32	1.278619099
VK370	RD	RD	RD	1.30E-06	0.999998695	4.99E-16	"High confidence (has reads with the deletion, i.e. N_reads_del > 0)"	0	1	1	0.25	1	0	0	0	55	32	36	13	18	1.332008153
VK456	RD	RD	RD	2.65E-19	1	5.37E-13	"Less confidence (no reads with the deletion, i.e. N_reads_del == 0)"	2	0	0.5	1.25	2	1	1	1	53	29	42	18	15	1.414541367
VK468	RD	RD	RD	6.69E-29	1	1.85E-12	"High confidence (has reads with the deletion, i.e. N_reads_del > 0)"	1	4	0.75	1.25	1	1	1	2	72	22	60	10	4	2.957666054
VK484	RD	RD	RD	2.22E-22	1	8.48E-15	"Less confidence (no reads with the deletion, i.e. N_reads_del == 0)"	3	0	0.5	1.5	1	1	3	1	38	24	35	21	27	1.265489025
VK495	RD	RD	RD	2.19E-17	0.999999644	3.56E-07	"High confidence (has reads with the deletion, i.e. N_reads_del > 0)"	0	1	0.5	1	0	1	2	1	38	19	39	20	28	1.193215545
VK510	RD	RD	RD	6.57E-18	1	1.14E-15	"High confidence (has reads with the deletion, i.e. N_reads_del > 0)"	2	1	0.75	1	1	0	2	1	50	21	47	18	18	1.591240224
VK514	RD	RD	RD	3.97E-15	1	2.29E-16	"Less confidence (no reads with the deletion, i.e. N_reads_del == 0)"	1	0	1	1	2	1	0	1	45	19	45	19	22	1.080399186
VK521	RD	RD	RD	7.70E-42	1	1.35E-36	"High confidence (has reads with the deletion, i.e. N_reads_del > 0)"	3	1	2	2.75	2	4	3	2	68	9	71	12	6	4.733938577
VK526	RD	RD	RD	8.76E-23	1	2.06E-17	"High confidence (has reads with the deletion, i.e. N_reads_del > 0)"	1	1	1.25	1.5	1	2	2	1	61	19	56	14	11	2.067058596
VK528	RD	RD	RD	2.39E-10	1	1.09E-26	"Less confidence (no reads with the deletion, i.e. N_reads_del == 0)"	1	0	1.5	0.75	1	0	2	0	59	21	53	15	12	1.667527195
VK533	RD	RD	RD	1.63E-58	1	1.45E-22	"High confidence (has reads with the deletion, i.e. N_reads_del > 0)"	3	5	1.5	3	2	5	4	1	81	15	68	2	3	5.039464219
VK548	RD	RD	RD	9.64E-43	1	8.72E-24	"High confidence (has reads with the deletion, i.e. N_reads_del > 0)"	1	1	1.5	2.75	2	4	3	2	71	11	71	11	4	3.470610624
VK551	RD	RD	RD	1.71E-18	1	3.91E-27	"High confidence (has reads with the deletion, i.e. N_reads_del > 0)"	3	3	1.25	0.75	1	0	1	1	65	26	50	11	10	2.408489329
VK70	RD	RD	RD	2.66E-62	1	3.52E-66	"High confidence (has reads with the deletion, i.e. N_reads_del > 0)"	1	2	4.5	4	0	5	9	2	82	7	78	3	1	6.99309631
VK84	RD	RR	RR	4.76E-04	0.999523711	3.23E-20	"Artifact. Only 2 alternate allele called in the entire haplotype, including SNP1, that looks like ancient DNA damage"	2	1	1	0.25	1	0	0	0	55	53	2	0	31	1.19784873
VK1	RR	RR	RR	1	1.74E-21	2.90E-276	NA	8	0	15.25	0	0	0	0	0	85	78	7	0	1	12.10146009
VK101	RR	RR	RR	0.999502594	4.97E-04	4.94E-42	NA	3	0	2	0	0	0	0	0	73	70	3	0	13	2.016531295
VK102	RR	RR	RR	0.999999865	1.35E-07	2.47E-104	NA	7	1	5.25	0	0	0	0	0	79	78	1	0	7	4.360730887
VK118	RR	RR	RR	1	1.87E-12	1.20E-154	NA	5	0	8.5	0	0	0	0	0	84	83	1	0	2	6.185759898
VK122	RR	RR	RR	0.999984702	1.53E-05	1.07E-66	NA	2	0	3.5	0	0	0	0	0	70	70	0	0	16	1.334677893
VK129	RR	RR	RR	0.99999994	6.03E-08	1.41E-93	NA	6	0	4.5	0	0	0	0	0	82	78	4	0	4	3.778708951
VK139	RR	RR	RR	0.888830178	0.111169822	1.21E-12	NA	1	0	0.5	0	0	0	0	0	36	36	0	0	50	0.580257804
VK141	RR	RR	RR	0.999876391	1.24E-04	2.59E-51	NA	3	0	2.5	0	0	0	0	0	77	74	3	0	9	1.944406632
VK143	RR	RR	RR	0.984576901	0.015423099	6.07E-23	NA	3	0	0.75	0	0	0	0	0	63	62	1	0	23	1.086768738
VK15	RR	RR	RR	0.992238202	0.007761798	1.32E-28	NA	1	0	1.5	0	0	0	0	0	54	52	2	0	32	1.246209909
VK150	RR	RR	RR	0.98460235	0.01539765	7.89E-25	NA	1	0	1.25	0	0	0	0	0	64	63	1	0	22	1.076676514
VK154	RR	RR	RR	0.999998071	1.93E-06	2.26E-72	NA	6	0	3.25	0	0	0	0	0	81	77	4	0	5	2.999593617
VK156	RR	RR	RR	0.98445252	0.01554748	2.04E-20	NA	4	0	0.5	0	0	0	0	0	48	48	0	0	38	1.002482555
VK157	RR	RR	RR	0.984406523	0.015593477	2.40E-21	NA	1	0	1.25	0	0	0	0	0	57	56	1	0	29	1.025914131
VK160	RR	RR	RR	0.999754766	2.45E-04	3.49E-45	NA	6	0	1.5	0	0	0	0	0	73	72	1	0	13	1.854189462
VK165	RR	RR	RR	0.999022989	9.77E-04	7.31E-42	NA	1	0	2.25	0	0	0	0	0	59	59	0	0	27	1.153750989
VK166	RR	RR	RR	0.999999998	1.87E-09	4.25E-117	NA	5	0	6	0	0	0	0	0	82	79	3	0	4	4.703496813
VK168	RR	RR	RR	0.992229741	0.007770259	1.47E-27	NA	2	0	1.25	0	0	0	0	0	69	67	2	0	17	1.241685927
VK171	RR	RR	RR	0.666340987	0.333333333	3.26E-04	NA	1	0	0	0	0	0	0	0	8	8	0	0	78	0.112747266
VK172	RR	RR	RR	0.999023052	9.77E-04	2.49E-41	NA	1	0	2.25	0	0	0	0	0	67	66	1	0	19	1.240362765
VK173	RR	RR	RR	0.99975135	2.49E-04	3.08E-43	NA	5	0	1.75	0	0	0	0	0	65	64	2	1	20	1.28543713
VK174	RR	RR	RR	0.996091746	0.003908254	3.90E-30	NA	3	0	1.25	0	0	0	0	0	63	62	2	1	22	0.980669891
VK177	RR	RR	RR	0.940778523	0.059221477	1.23E-15	NA	1	0	0.75	0	0	0	0	0	65	65	2	2	19	1.106686465
VK178	RR	RR	RR	0.984582153	0.015417847	8.71E-24	NA	2	0	1	0	0	0	0	0	55	54	1	0	31	0.931461149
VK179	RR	RR	RR	0.99987672	1.23E-04	3.46E-52	NA	1	0	3	0	0	0	0	0	73	70	3	0	13	1.920630597
VK18	RR	RR	RR	0.941052694	0.058947306	1.83E-16	NA	1	0	0.75	0	0	0	0	0	48	46	2	0	38	0.807054244
VK183	RR	RR	RR	0.888184485	0.111815515	2.19E-11	NA	1	0	0.5	0	0	0	0	0	36	36	0	0	50	0.558130608
VK184	RR	RR	RR	0.969384703	0.030615297	7.87E-20	NA	1	0	1	0	0	0	0	0	65	65	0	0	21	1.366270726
VK187	RR	RR	RR	0.888715337	0.111284663	5.12E-12	NA	1	0	0.5	0	0	0	0	0	53	52	1	0	33	0.925672913
VK190	RR	RR	RR	1	5.88E-11	4.47E-137	NA	5	0	7.25	0	0	0	0	0	85	81	4	0	1	6.775819737
VK201	RR	RR	RR	0.984603977	0.015396023	1.98E-25	NA	1	0	1.25	0	0	0	0	0	56	26	44	14	16	1.458809695
VK203	RR	RR	RR	0.998041085	0.001958915	3.27E-35	NA	2	0	1.75	0	0	0	0	0	63	63	0	0	23	1.364259633
VK204	RR	RR	RR	0.9845731	0.0154269	7.84E-24	NA	2	0	1	0	0	0	0	0	63	62	1	0	23	1.075453723
VK205	RR	RR	RR	0.999019377	9.81E-04	4.10E-38	NA	4	0	1.5	0	0	0	0	0	55	55	0	0	31	1.23895383
VK207	RR	RR	RR	0.888817578	0.111182422	1.53E-12	NA	1	0	0.5	0	0	0	0	0	44	44	0	0	42	0.716349363
VK219	RR	RR	RR	0.999009722	9.90E-04	4.42E-39	NA	2	0	2	0	0	0	0	0	73	73	0	0	13	1.64939999
VK220	RR	RR	RR	0.992184565	0.007815435	1.23E-25	NA	3	0	1	0	0	0	0	0	73	73	0	0	13	1.895515745
VK230	RR	RR	RR	0.999754973	2.45E-04	2.90E-48	NA	3	0	2.25	0	0	0	0	0	78	77	1	0	8	2.557690496
VK234	RR	RR	RR	0.969634794	0.030365206	3.56E-18	NA	4	0	0.25	0	0	0	0	0	51	51	0	0	35	0.737438236
VK241	RR	RR	RR	0.996085376	0.003914624	2.56E-32	NA	1	0	1.75	0	0	0	0	0	51	51	0	0	35	0.788668103
VK242	RR	RR	RR	0.888733752	0.111266248	3.64E-12	NA	1	0	0.5	0	0	0	0	0	28	21	25	18	40	0.620750281
VK245	RR	RR	RR	0.940821752	0.059178248	8.67E-16	NA	1	0	0.75	0	0	0	0	0	57	56	1	0	29	1.124259888
VK25	RR	RR	RR	0.999754824	2.45E-04	7.02E-47	NA	3	0	2.25	0	0	0	0	0	61	22	56	17	8	1.973992633
VK254	RR	RR	RR	0.888787108	0.111212892	1.12E-11	NA	2	0	0.25	0	0	0	0	0	39	38	1	0	47	0.531815415
VK256	RR	RR	RR	0.999020989	9.79E-04	1.00E-39	NA	3	0	1.75	0	0	0	0	0	76	74	2	0	10	1.421026766
VK257	RR	RR	RR	0.888585815	0.111414184	4.44E-10	NA	3	0	0	0	0	0	0	0	55	55	0	0	31	1.061932735
VK258	RR	RR	RR	0.99987747	1.23E-04	2.40E-52	NA	3	0	2.5	0	0	0	0	0	58	57	1	0	28	1.066747624
VK259	RR	RR	RR	0.96933464	0.03066536	9.16E-20	NA	1	0	1	0	0	0	0	0	62	62	0	0	24	1.234434953
VK260	RR	RR	RR	0.996103619	0.003896381	1.30E-32	NA	2	0	1.5	0	0	0	0	0	58	57	2	1	27	0.944050827
VK262	RR	RR	RR	0.999022247	9.78E-04	5.31E-40	NA	3	0	1.75	0	0	0	0	0	59	58	2	1	26	1.272792433
VK263	RR	RR	RR	0.996077604	0.003922396	3.81E-30	NA	3	0	1.25	0	0	0	0	0	74	72	2	0	12	1.433975544
VK265	RR	RR	RR	0.996074231	0.003925769	2.36E-29	NA	3	0	1.25	0	0	0	0	0	62	62	0	0	24	1.178013486
VK266	RR	RR	RR	0.886478137	0.113521852	1.09E-08	NA	2	0	0.25	0	0	0	0	0	43	43	0	0	43	0.766106785
VK27	RR	RR	RR	0.888830178	0.111169822	1.21E-12	NA	1	0	0.5	0	0	0	0	0	22	22	0	0	64	0.258340251
VK273	RR	RR	RR	0.96962934	0.03037066	1.58E-20	NA	1	0	1	0	0	0	0	0	55	55	0	0	31	1.140027097
VK274	RR	RR	RR	0.999754476	2.46E-04	2.16E-47	NA	3	0	2.25	0	0	0	0	0	71	70	1	0	15	1.789889594
VK281	RR	RR	RR	0.997706369	0.002293631	1.48E-79	NA	7	0	3.75	0.25	1	0	0	0	77	75	2	0	9	2.134000643
VK282	RR	RR	RR	0.799885609	0.200114363	2.80E-08	NA	1	0	0.25	0	0	0	0	0	35	35	0	0	51	0.457596475
VK284	RR	RR	RR	0.992241863	0.007758137	1.06E-29	NA	1	0	1.5	0	0	0	0	0	53	53	0	0	33	1.125768751
VK285	RR	RR	RR	0.941074169	0.058925831	1.99E-15	NA	2	0	0.5	0	0	0	0	0	26	18	20	12	48	0.670780635
VK287	RR	RR	RR	0.666340987	0.333333333	3.26E-04	NA	1	0	0	0	0	0	0	0	22	22	1	1	63	0.520610623
VK288	RR	RR	RR	0.799913333	0.200086646	2.07E-08	NA	1	0	0.25	0	0	0	0	0	54	54	0	0	32	0.84029466
VK289	RR	RR	RR	0.992190921	0.007809079	2.78E-26	NA	3	0	1	0	0	0	0	0	44	42	2	0	42	0.840074822
VK290	RR	RR	RR	0.992223356	0.007776644	3.67E-26	NA	3	0	1	0	0	0	0	0	64	64	0	0	22	1.483086785
VK291	RR	RR	RR	0.992126394	0.007873606	1.25E-24	NA	2	0	1.25	0	0	0	0	0	61	61	0	0	25	1.160528046
VK295	RR	RR	RR	0.888787108	0.111212892	1.12E-11	NA	2	0	0.25	0	0	0	0	0	41	41	0	0	45	0.594275728
VK296	RR	RR	RR	0.665077473	0.333333333	0.001589193	NA	1	0	0	0	0	0	0	0	27	27	0	0	59	0.477722125
VK30	RR	RR	RR	0.984600761	0.015399239	9.94E-25	NA	1	0	1.25	0	0	0	0	0	39	39	0	0	47	0.595535475
VK303	RR	RR	RR	0.999992295	7.71E-06	1.39E-63	NA	6	0	2.75	0	0	0	0	0	80	80	0	0	6	2.54786179
VK306	RR	RR	RR	0.940337131	0.059662869	2.89E-14	NA	2	0	0.5	0	0	0	0	0	39	24	28	13	34	1.097383389
VK314	RR	RR	RR	0.664832646	0.333333333	0.001834021	NA	1	0	0	0	0	0	0	0	23	23	0	0	63	0.30294433
VK320	RR	RR	RR	0.99803903	0.00196097	9.46E-35	NA	3	0	1.5	0	0	0	0	0	68	68	0	0	18	1.42710325
VK322	RR	RR	RR	0.984590117	0.015409883	5.81E-23	NA	2	0	1	0	0	0	0	0	67	66	1	0	19	1.281985082
VK323	RR	RR	RR	0.999506396	4.94E-04	5.77E-41	NA	5	0	1.5	0	0	0	0	0	61	61	1	1	24	1.407060098
VK324	RR	RR	RR	0.992241863	0.007758137	1.06E-29	NA	1	0	1.5	0	0	0	0	0	70	68	4	2	14	1.406459218
VK325	RR	RR	RR	0.969669386	0.030330614	1.86E-20	NA	1	0	1	0	0	0	0	0	41	41	2	2	43	0.605037272
VK328	RR	RR	RR	0.984272241	0.015727759	1.90E-20	NA	3	0	0.75	0	0	0	0	0	64	64	0	0	22	1.16658034
VK329	RR	RR	RR	0.984426637	0.015573363	1.46E-20	NA	2	0	1	0	0	0	0	0	57	57	1	1	28	1.247468074
VK330	RR	RR	RR	0.992234197	0.007765803	3.24E-28	NA	1	0	1.5	0	0	0	0	0	62	61	1	0	24	1.080982525
VK332	RR	RR	RR	0.99993819	6.18E-05	2.51E-54	NA	3	0	2.75	0	0	0	0	0	59	58	1	0	27	1.524933247
VK333	RR	RR	RR	0.992231398	0.007768602	6.69E-28	NA	1	0	1.5	0	0	0	0	0	60	59	2	1	25	1.224338396
VK334	RR	RR	RR	0.50188153	0.49811847	1.38E-24	NA	0	1	1.5	0	0	0	0	0	24	21	10	7	55	0.564708532
VK335	RR	RR	RR	0.999015031	9.85E-04	8.06E-40	NA	1	0	2.25	0	0	0	0	0	63	62	2	1	22	1.104610818
VK336	RR	RR	RR	0.887917223	0.112082776	9.08E-10	NA	2	0	0.25	0	0	0	0	0	64	61	3	0	22	1.266639101
VK337	RR	RR	RR	0.999502609	4.97E-04	3.98E-41	NA	3	0	2	0	0	0	0	0	76	74	2	0	10	2.130342903
VK34	RR	RR	RR	0.969663577	0.030336423	3.42E-20	NA	2	0	0.75	0	0	0	0	0	65	63	2	0	21	1.245136106
VK345	RR	RR	RR	0.996093167	0.003906833	4.24E-33	NA	1	0	1.75	0	0	0	0	0	62	60	2	0	24	1.141787497
VK35	RR	RR	RR	0.996102887	0.003897113	1.51E-32	NA	2	0	1.5	0	0	0	0	0	61	61	0	0	25	1.161808615
VK350	RR	RR	RR	0.999754918	2.45E-04	4.24E-48	NA	3	0	2.25	0	0	0	0	0	66	65	1	0	20	1.58519238
VK354	RR	RR	RR	0.888442032	0.111557968	1.34E-10	NA	2	0	0.25	0	0	0	0	0	26	18	25	17	43	0.70030912
VK355	RR	RR	RR	0.999510211	4.90E-04	1.20E-41	NA	5	0	1.5	0	0	0	0	0	64	64	1	1	21	1.180222824
VK357	RR	RR	RR	0.999877603	1.22E-04	2.48E-51	NA	3	0	2.5	0	0	0	0	0	66	64	2	0	20	1.448910026
VK361	RR	RR	RR	0.984444953	0.015555047	4.93E-23	NA	2	0	1	0	0	0	0	0	65	65	0	0	21	1.281265924
VK362	RR	RR	RR	0.969664101	0.030335899	6.86E-21	NA	1	0	1	0	0	0	0	0	49	49	0	0	37	0.667260976
VK363	RR	RR	RR	0.969292824	0.030707176	2.03E-16	NA	3	0	0.5	0	0	0	0	0	66	66	2	2	18	1.394948979
VK365	RR	RR	RR	0.969637927	0.030362073	2.92E-18	NA	4	0	0.25	0	0	0	0	0	56	55	1	0	30	0.797337693
VK367	RR	RR	RR	0.992220513	0.007779487	4.41E-27	NA	3	0	1	0	0	0	0	0	56	56	0	0	30	1.098233879
VK369	RR	RR	RR	0.998046153	0.001953847	2.36E-35	NA	3	0	1.5	0	0	0	0	0	59	57	2	0	27	1.186329037
VK371	RR	RR	RR	0.969665594	0.030334406	2.94E-20	NA	1	0	1	0	0	0	0	0	43	43	0	0	43	0.668607156
VK372	RR	RR	RR	0.996061226	0.003938774	1.52E-28	NA	3	0	1.25	0	0	0	0	0	61	61	0	0	25	1.372716733
VK373	RR	RR	RR	0.992239035	0.007760965	8.39E-29	NA	1	0	1.5	0	0	0	0	0	53	53	0	0	33	1.135417912
VK384	RR	RR	RR	0.996104131	0.003895869	5.16E-33	NA	1	0	1.75	0	0	0	0	0	62	62	0	0	24	1.256811317
VK385	RR	RR	RR	0.992236543	0.007763457	2.26E-28	NA	2	0	1.25	0	0	0	0	0	48	23	49	24	14	1.557987143
VK386	RR	RR	RR	0.984536332	0.015463668	3.49E-23	NA	2	0	1	0	0	0	0	0	58	56	3	1	27	1.272526365
VK387	RR	RR	RR	0.999505259	4.95E-04	4.20E-41	NA	3	0	2	0	0	0	0	0	55	44	20	9	22	1.114722145
VK388	RR	RR	RR	0.996060423	0.003939577	3.65E-26	NA	6	0	0.5	0	0	0	0	0	38	21	29	12	36	1.017738709
VK389	RR	RR	RR	0.999511099	4.89E-04	1.39E-45	NA	1	0	2.5	0	0	0	0	0	64	64	0	0	22	1.161247402
VK392	RR	RR	RR	0.969628099	0.030371901	1.08E-18	NA	3	0	0.5	0	0	0	0	0	50	49	1	0	36	1.068564456
VK393	RR	RR	RR	0.999507584	4.92E-04	1.41E-43	NA	2	0	2.25	0	0	0	0	0	65	64	1	0	21	1.217967758
VK394	RR	RR	RR	0.799913333	0.200086646	2.07E-08	NA	1	0	0.25	0	0	0	0	0	56	55	1	0	30	0.767727883
VK395	RR	RR	RR	0.999875977	1.24E-04	2.02E-47	NA	4	0	2.25	0	0	0	0	0	71	71	0	0	15	1.499697081
VK396	RR	RR	RR	0.996105311	0.003894689	1.41E-33	NA	1	0	1.75	0	0	0	0	0	57	57	1	1	28	1.244561725
VK397	RR	RR	RR	0.998016864	0.001983136	1.35E-31	NA	4	0	1.25	0	0	0	0	0	66	66	0	0	20	1.43034205
VK398	RR	RR	RR	0.984559738	0.015440262	4.56E-23	NA	2	0	1	0	0	0	0	0	68	65	5	2	16	1.34779323
VK399	RR	RR	RR	0.999992233	7.77E-06	3.48E-64	NA	6	0	2.75	0	0	0	0	0	75	74	1	0	11	1.782918289
VK40	RR	RR	RR	0.999873174	1.27E-04	4.18E-44	NA	5	0	2	0	0	0	0	0	75	74	1	0	11	1.961732654
VK400	RR	RR	RR	0.996042186	0.003957814	4.28E-29	NA	2	0	1.5	0	0	0	0	0	53	53	0	0	33	1.112522303
VK401	RR	RR	RR	0.999015974	9.84E-04	6.60E-39	NA	2	0	2	0	0	0	0	0	45	21	45	21	20	1.31495509
VK402	RR	RR	RR	0.999021355	9.79E-04	2.47E-40	NA	2	0	2	0	0	0	0	0	45	27	39	21	20	1.561958254
VK403	RR	RR	RR	0.99902228	9.78E-04	2.49E-40	NA	1	0	2.25	0	0	0	0	0	72	72	0	0	14	1.555574375
VK404	RR	RR	RR	0.999005521	9.94E-04	4.45E-37	NA	2	0	2	0	0	0	0	0	70	69	1	0	16	1.487361747
VK405	RR	RR	RR	0.992197413	0.007802587	1.63E-27	NA	2	0	1.25	0	0	0	0	0	56	56	0	0	30	1.07255094
VK407	RR	RR	RR	0.799913333	0.200086646	2.07E-08	NA	1	0	0.25	0	0	0	0	0	26	25	1	0	60	0.243307914
VK414	RR	RR	RR	0.99975195	2.48E-04	1.80E-45	NA	2	0	2.5	0	0	0	0	0	69	68	1	0	17	1.28019312
VK415	RR	RR	RR	0.999992348	7.65E-06	2.65E-69	NA	2	0	3.75	0	0	0	0	0	69	68	1	0	17	1.24609346
VK418	RR	RR	RR	0.998031118	0.001968882	2.81E-34	NA	2	0	1.75	0	0	0	0	0	62	61	1	0	24	0.97132675
VK419	RR	RR	RR	0.992237981	0.007762019	6.67E-28	NA	1	0	1.5	0	0	0	0	0	70	70	0	0	16	1.287858242
VK42	RR	RR	RR	1	3.62E-21	3.49E-260	NA	19	0	12.25	0	0	0	0	0	83	10	75	2	1	9.648079999
VK422	RR	RR	RR	0.998042465	0.001957535	1.05E-34	NA	3	0	1.5	0	0	0	0	0	59	58	1	0	27	1.117883924
VK425	RR	RR	RR	0.666153649	0.333333333	0.000513018	NA	1	0	0	0	0	0	0	0	12	12	0	0	74	0.124250295
VK426	RR	RR	RR	0.939992071	0.060007929	4.56E-13	NA	2	0	0.5	0	0	0	0	0	9	9	0	0	77	0.123385822
VK428	RR	RR	RR	0.664832646	0.333333333	0.001834021	NA	1	0	0	0	0	0	0	0	20	20	0	0	66	0.183448319
VK429	RR	RR	RR	0.999969224	3.08E-05	4.20E-56	NA	5	0	2.5	0	0	0	0	0	84	80	4	0	2	2.778976624
VK433	RR	RR	RR	0.999020055	9.80E-04	3.03E-38	NA	3	0	1.75	0	0	0	0	0	75	73	2	0	11	2.249599378
VK438	RR	RR	RR	0.887987585	0.112012415	1.97E-10	NA	1	0	0.5	0	0	0	0	0	18	18	0	0	68	0.224202008
VK44	RR	RR	RR	0.941133569	0.058866431	8.56E-17	NA	1	0	0.75	0	0	0	0	0	19	16	18	15	52	0.472897388
VK442	RR	RR	RR	0.98459794	0.01540206	2.50E-24	NA	1	0	1.25	0	0	0	0	0	60	60	1	1	25	1.263138201
VK443	RR	RR	RR	0.992241757	0.007758243	1.33E-29	NA	1	0	1.5	0	0	0	0	0	78	78	0	0	8	2.198661428
VK444	RR	RR	RR	0.888830178	0.111169822	1.21E-12	NA	1	0	0.5	0	0	0	0	0	47	47	0	0	39	0.827736376
VK445	RR	RR	RR	0.941038864	0.058961136	3.19E-15	NA	2	0	0.5	0	0	0	0	0	65	62	3	0	21	1.423154157
VK446	RR	RR	RR	0.996105621	0.003894379	5.60E-34	NA	1	0	1.75	0	0	0	0	0	71	71	1	1	14	1.597823819
VK448	RR	RR	RR	0.984603977	0.015396023	1.98E-25	NA	1	0	1.25	0	0	0	0	0	69	68	1	0	17	2.272180049
VK455	RR	RR	RR	0.999511192	4.89E-04	2.42E-45	NA	2	0	2.25	0	0	0	0	0	69	69	0	0	17	1.63266763
VK457	RR	RR	RR	0.664136622	0.333333333	0.002530044	NA	1	0	0	0	0	0	0	0	10	10	0	0	76	0.191454152
VK458	RR	RR	RR	0.888822282	0.111177718	3.05E-12	NA	1	0	0.5	0	0	0	0	0	21	21	0	0	65	0.183117189
VK46	RR	RR	RR	0.999999985	1.50E-08	1.88E-105	NA	3	0	5.75	0	0	0	0	0	83	81	2	0	3	4.516255306
VK473	RR	RR	RR	0.999753344	2.47E-04	7.65E-48	NA	1	0	2.75	0	0	0	0	0	75	74	1	0	11	1.457528947
VK474	RR	RR	RR	0.998044305	0.001955695	1.86E-35	NA	2	0	1.75	0	0	0	0	0	81	79	2	0	5	1.660634238
VK475	RR	RR	RR	1	1.20E-10	1.96E-127	NA	5	0	7	0	0	0	0	0	85	83	2	0	1	4.686770777
VK477	RR	RR	RR	0.984602765	0.015397235	4.98E-25	NA	1	0	1.25	0	0	0	0	0	59	57	4	2	25	1.188731821
VK48	RR	RR	RR	0.969609688	0.030390312	2.08E-20	NA	1	0	1	0	0	0	0	0	45	45	0	0	41	0.510911222
VK480	RR	RR	RR	0.941035405	0.058964595	3.32E-16	NA	1	0	0.75	0	0	0	0	0	54	54	0	0	32	0.904015954
VK481	RR	RR	RR	0.999877642	1.22E-04	1.99E-52	NA	3	0	2.5	0	0	0	0	0	74	71	3	0	12	1.482963194
VK482	RR	RR	RR	0.998048726	0.001951274	9.37E-38	NA	1	0	2	0	0	0	0	0	62	60	2	0	24	1.131893006
VK483	RR	RR	RR	0.999937823	6.22E-05	5.20E-53	NA	4	0	2.5	0	0	0	0	0	58	31	46	19	9	1.858574038
VK485	RR	RR	RR	0.941117474	0.058882526	1.26E-16	NA	1	0	0.75	0	0	0	0	0	24	13	29	18	44	0.739826373
VK486	RR	RR	RR	0.999017939	9.82E-04	3.50E-38	NA	4	0	1.5	0	0	0	0	0	77	76	1	0	9	1.856347085
VK487	RR	RR	RR	0.999938472	6.15E-05	6.67E-53	NA	5	0	2.25	0	0	0	0	0	79	78	1	0	7	2.016590316
VK488	RR	RR	RR	0.984492579	0.015507421	7.33E-22	NA	3	0	0.75	0	0	0	0	0	63	63	0	0	23	0.940559203
VK489	RR	RR	RR	0.99804874	0.00195126	3.49E-38	NA	1	0	2	0	0	0	0	0	48	24	43	19	19	1.672538215
VK491	RR	RR	RR	0.999753487	2.47E-04	2.69E-44	NA	5	0	1.75	0	0	0	0	0	69	69	0	0	17	1.496091205
VK492	RR	RR	RR	0.999020579	9.79E-04	5.18E-41	NA	1	0	2.25	0	0	0	0	0	54	54	1	1	31	1.059517791
VK493	RR	RR	RR	0.999968646	3.14E-05	2.90E-54	NA	7	0	2	0	0	0	0	0	72	71	1	0	14	1.907812524
VK494	RR	RR	RR	0.799537355	0.200462353	2.93E-07	NA	1	0	0.25	0	0	0	0	0	16	16	0	0	70	0.171571611
VK496	RR	RR	RR	0.999968815	3.12E-05	2.43E-54	NA	5	0	2.5	0	0	0	0	0	77	77	1	1	8	2.064288447
VK497	RR	RR	RR	0.999968716	3.13E-05	1.06E-57	NA	3	0	3	0	0	0	0	0	74	74	1	1	11	1.510733362
VK498	RR	RR	RR	0.992241863	0.007758137	1.06E-29	NA	1	0	1.5	0	0	0	0	0	65	65	0	0	21	1.27229493
VK50	RR	RR	RR	1	2.36E-13	9.05E-160	NA	8	0	8.5	0	0	0	0	0	81	77	4	0	5	6.528756969
VK504	RR	RR	RR	0.941098941	0.058901059	2.01E-15	NA	1	0	0.75	0	0	0	0	0	57	57	1	1	28	0.897236412
VK505	RR	RR	RR	0.98454302	0.01545698	2.23E-21	NA	4	0	0.5	0	0	0	0	0	60	60	0	0	26	1.187927296
VK506	RR	RR	RR	0.992073412	0.007926588	7.05E-24	NA	2	0	1.25	0	0	0	0	0	65	65	1	1	20	1.286433485
VK507	RR	RR	RR	0.969632825	0.030367175	1.38E-19	NA	2	0	0.75	0	0	0	0	0	36	24	30	18	32	0.859344623
VK508	RR	RR	RR	0.999968999	3.10E-05	1.45E-58	NA	2	0	3.25	0	0	0	0	0	77	77	0	0	9	1.795372605
VK509	RR	RR	RR	0.996086937	0.003913063	3.04E-31	NA	2	0	1.5	0	0	0	0	0	61	61	0	0	25	1.386549576
VK51	RR	RR	RR	0.940376576	0.059623424	2.49E-15	NA	1	0	0.75	0	0	0	0	0	42	42	0	0	44	0.649429495
VK511	RR	RR	RR	0.999992327	7.67E-06	9.42E-68	NA	4	0	3.25	0	0	0	0	0	73	72	1	0	13	1.775215235
VK513	RR	RR	RR	0.999938298	6.17E-05	2.55E-52	NA	5	0	2.25	0	0	0	0	0	73	73	0	0	13	2.353517316
VK517	RR	RR	RR	0.9845969	0.0154031	2.91E-24	NA	2	0	1	0	0	0	0	0	55	54	1	0	31	1.08614883
VK518	RR	RR	RR	0.799877453	0.200122517	3.01E-08	NA	1	0	0.25	0	0	0	0	0	32	32	0	0	54	0.446465895
VK522	RR	RR	RR	1	2.38E-10	1.23E-125	NA	7	0	6.25	0	0	0	0	0	84	82	2	0	2	7.283713976
VK523	RR	RR	RR	0.88785075	0.11214925	2.58E-11	NA	1	0	0.5	0	0	0	0	0	38	24	31	17	31	1.025769648
VK524	RR	RR	RR	0.992105778	0.007894222	1.29E-23	NA	3	0	1	0	0	0	0	0	68	68	0	0	18	1.674959921
VK525	RR	RR	RR	0.996094055	0.003905945	7.42E-31	NA	3	0	1.25	0	0	0	0	0	57	57	0	0	29	1.130733161
VK527	RR	RR	RR	0.969210864	0.030789136	3.09E-17	NA	3	0	0.5	0	0	0	0	0	59	59	0	0	27	1.137137108
VK532	RR	RR	RR	0.997700224	0.002299776	4.14E-79	NA	4	0	4.5	0.25	0	0	1	0	83	76	7	0	3	4.187056831
VK534	RR	RR	RR	0.9922263	0.0077737	3.03E-27	NA	3	0	1	0	0	0	0	0	50	50	0	0	36	1.208554882
VK536	RR	RR	RR	0.984456937	0.015543063	2.12E-21	NA	3	0	0.75	0	0	0	0	0	65	64	2	1	20	1.060418976
VK537	RR	RR	RR	0.999877699	1.22E-04	1.57E-54	NA	1	0	3	0	0	0	0	0	65	65	0	0	21	1.412639075
VK538	RR	RR	RR	0.941140632	0.058859368	6.79E-17	NA	1	0	0.75	0	0	0	0	0	67	67	0	0	19	1.255936887
VK539	RR	RR	RR	0.999017019	9.83E-04	5.65E-41	NA	1	0	2.25	0	0	0	0	0	77	76	1	0	9	1.643270666
VK540	RR	RR	RR	0.940755001	0.059244999	9.01E-15	NA	2	0	0.5	0	0	0	0	0	44	44	0	0	42	0.898449899
VK541	RR	RR	RR	0.999999518	4.82E-07	2.62E-84	NA	3	0	4.5	0	0	0	0	0	79	77	2	0	7	2.675832098
VK542	RR	RR	RR	0.992236236	0.007763764	1.94E-28	NA	2	0	1.25	0	0	0	0	0	63	63	0	0	23	1.2571376
VK543	RR	RR	RR	0.992227464	0.007772536	9.25E-28	NA	2	0	1.25	0	0	0	0	0	67	67	0	0	19	1.044215578
VK544	RR	RR	RR	0.999877399	1.23E-04	2.12E-50	NA	4	0	2.25	0	0	0	0	0	70	68	2	0	16	1.643520191
VK547	RR	RR	RR	0.999999939	6.11E-08	4.58E-91	NA	6	0	4.5	0	0	0	0	0	85	84	1	0	1	4.935655269
VK549	RR	RR	RR	0.984602765	0.015397235	4.98E-25	NA	1	0	1.25	0	0	0	0	0	71	70	1	0	15	1.749444183
VK550	RR	RR	RR	0.999502403	4.98E-04	6.49E-37	NA	9	0	0.5	0	0	0	0	0	52	23	46	17	17	1.861230376
VK553	RR	RR	RR	0.992240472	0.007759528	2.19E-29	NA	1	0	1.5	0	0	0	0	0	42	25	27	10	34	1.31939466
VK554	RR	RR	RR	0.99609201	0.00390799	5.12E-30	NA	3	0	1.25	0	0	0	0	0	64	63	1	0	22	0.974260908
VK555	RR	RR	RR	0.99610275	0.00389725	1.90E-32	NA	2	0	1.5	0	0	0	0	0	61	60	1	0	25	1.14757983
VK56	RR	RR	RR	0.984578656	0.015421344	2.62E-24	NA	1	0	1.25	0	0	0	0	0	58	57	1	0	28	1.086444
VK58	RR	RR	RR	0.999999992	7.67E-09	1.29E-106	NA	4	0	5.75	0	0	0	0	0	82	77	5	0	4	4.620624895
VK6	RR	RR	RR	0.99999997	3.00E-08	2.91E-98	NA	5	0	5	0	0	0	0	0	72	18	62	8	6	3.047241379
VK65	RR	RR	RR	0.99221868	0.00778132	4.42E-26	NA	3	0	1	0	0	0	0	0	46	46	0	0	40	0.523402505
VK87	RR	RR	RR	0.999999757	2.43E-07	5.62E-85	NA	6	0	4	0	0	0	0	0	81	80	1	0	5	3.149830069
VK90	RR	RR	RR	0.888822282	0.111177718	3.05E-12	NA	1	0	0.5	0	0	0	0	0	29	29	0	0	57	0.325502084
VK92	RR	RR	RR	0.940223162	0.059776838	2.06E-13	NA	2	0	0.5	0	0	0	0	0	14	10	17	13	59	0.347265424
VK98	RR	RR	RR	0.999999026	9.74E-07	4.73E-71	NA	9	0	2.75	0	0	0	0	0	73	73	0	0	13	2.609024247
RISE509	RD	RD	RR	1.36E-14	1	7.49E-67	Probably minus haplotype	7	0	3.25	1.25	0	0	4	1	74	15	68	9	3	4.52834127
RISE559	RD	RR	RR	8.37E-04	0.99916221	3.45E-07	"Artifact. Only 1 alternate allele called in the entire haplotype: SNP1, that looks like ancient DNA damage"	3	0	0	0.25	1	0	0	0	13	13	1	1	72	0.135878668
RISE569	RD	RD	RD	5.93E-12	0.999996475	3.53E-06	"Less confidence (no reads with the deletion, i.e. N_reads_del == 0)"	1	0	0.25	0.75	0	2	1	0	52	22	41	11	23	1.31310001
RISE00	RR	RR	RR	0.94025385	0.05974615	1.54E-12	NA	3	0	0.25	0	0	0	0	0	56	56	1	1	29	0.785750155
RISE109	RR	RR	RR	0.664832646	0.333333333	0.001834021	NA	1	0	0	0	0	0	0	0	19	19	0	0	67	0.196268141
RISE150	RR	RR	RR	0.998045149	0.001954851	2.30E-37	NA	1	0	2	0	0	0	0	0	64	61	3	0	22	2.719222186
RISE392	RR	RR	RR	0.94110134	0.05889866	4.76E-16	NA	1	0	0.75	0	0	0	0	0	58	56	2	0	28	1.143111382
RISE395	RR	RR	RR	0.999996158	3.84E-06	3.44E-74	NA	1	0	4.25	0	0	0	0	0	71	69	2	0	15	2.378836295
RISE479	RR	RR	RR	0.992196502	0.007803498	2.61E-28	NA	2	0	1.25	0	0	0	0	0	71	71	0	0	15	1.288900164
RISE486	RR	RR	RR	0.799913333	0.200086646	2.07E-08	NA	1	0	0.25	0	0	0	0	0	16	16	0	0	70	0.164590033
RISE487	RR	RR	RR	0.941038763	0.058961237	2.16E-15	NA	1	0	0.75	0	0	0	0	0	9	9	3	3	74	0.219958982
RISE489	RR	RR	RR	0.940754196	0.059245804	3.70E-14	NA	2	0	0.5	0	0	0	0	0	36	36	0	0	50	0.50758911
RISE493	RR	RR	RR	1	8.15E-11	1.97E-215	NA	12	0	11.5	0.5	0	0	2	0	81	71	10	0	5	6.453054081
RISE495	RR	RR	RR	0.999999939	6.09E-08	1.27E-92	NA	4	0	5	0	0	0	0	0	79	78	1	0	7	3.488808913
RISE496	RR	RR	RR	0.999008976	9.91E-04	2.85E-37	NA	3	0	1.75	0	0	0	0	0	68	67	1	0	18	2.392007906
RISE497	RR	RR	RR	1	2.92E-14	6.48E-176	NA	8	0	9.25	0	0	0	0	0	84	81	3	0	2	6.972112071
RISE499	RR	RR	RR	0.96960632	0.03039368	6.60E-20	NA	1	0	1	0	0	0	0	0	61	61	1	1	24	1.274220616
RISE500	RR	RR	RR	0.99998459	1.54E-05	3.47E-63	NA	3	0	3.25	0	0	0	0	0	67	65	2	0	19	1.419694436
RISE502	RR	RR	RR	0.999877523	1.22E-04	5.68E-53	NA	1	0	3	0	0	0	0	0	69	68	1	0	17	1.14194207
RISE503	RR	RR	RR	0.642632597	0.357367403	3.16E-22	NA	2	1	1	0	0	0	0	0	55	55	0	0	31	0.705137241
RISE504	RR	RR	RR	0.996063089	0.003936911	2.45E-31	NA	2	0	1.5	0	0	0	0	0	58	56	2	0	28	1.292183851
RISE505	RR	RR	RR	1	3.62E-18	1.01E-224	NA	10	0	12	0	0	0	0	0	84	74	10	0	2	7.384138999
RISE511	RR	RR	RR	1	2.39E-10	1.16E-125	NA	6	0	6.5	0	0	0	0	0	85	83	2	0	1	5.20403929
RISE523	RR	RR	RR	0.999992095	7.91E-06	4.52E-62	NA	3	0	3.5	0	0	0	0	0	72	71	1	0	14	2.216207417
RISE552	RR	RR	RR	0.999505099	4.95E-04	8.32E-43	NA	3	0	2	0	0	0	0	0	71	67	4	0	15	2.458824579
RISE563	RR	RR	RR	0.799550303	0.200449581	1.17E-07	NA	1	0	0.25	0	0	0	0	0	33	33	0	0	53	0.365722927
RISE577	RR	RR	RR	0.996100207	0.003899793	2.48E-32	NA	1	0	1.75	0	0	0	0	0	66	63	3	0	20	1.428406755
RISE600	RR	RR	RR	0.940918363	0.059081637	1.01E-16	NA	1	0	0.75	0	0	0	0	0	33	33	0	0	53	0.692808971
RISE602	RR	RR	RR	0.797716284	0.202283414	3.02E-07	NA	1	0	0.25	0	0	0	0	0	58	56	2	0	28	1.200661261
RISE94	RR	RR	RR	0.941100905	0.058899095	2.08E-16	NA	1	0	0.75	0	0	0	0	0	36	20	26	10	40	0.780028286
RISE98	RR	RR	RR	1	1.87E-12	4.46E-156	NA	7	0	8	0	0	0	0	0	81	78	3	0	5	5.207613807