rs79815064	3	46277577	A	G	Yamnaya	1|0	2|2
rs79815064	3	46277577	A	G	DA381	0|0	4|2
rs79815064	3	46277577	A	G	NEO302	0|0	2|3
rs79815064	3	46277577	A	G	NEO300	1|0	2|4
rs79815064	3	46277577	A	G	NEO310	0|0	2|2
rs79815064	3	46277577	A	G	NEO503	0|0	4|4
rs79815064	3	46277577	A	G	NEO502	0|0	3|4
rs79815064	3	46277577	A	G	NEO170	0|0	1|3
rs79815064	3	46277577	A	G	NEO51	0|0	1|1
rs79815064	3	46277577	A	G	NEO187	0|0	1|3
rs79815064	3	46277577	A	G	NEO590	1|0	2|3
rs79815064	3	46277577	A	G	NEO260	0|0	3|3
rs79815064	3	46277577	A	G	NEO304	0|0	4|4
rs79815064	3	46277577	A	G	NEO163	0|0	3|4
rs79815064	3	46277577	A	G	NEO498	0|0	4|4
rs79815064	3	46277577	A	G	NEO305	0|0	4|4
rs79815064	3	46277577	A	G	NEO816	0|0	2|2
rs79815064	3	46277577	A	G	NEO29	0|0	1|2
rs79815064	3	46277577	A	G	NEO521	0|0	3|4
rs79815064	3	46277577	A	G	NEO52	0|0	2|4
rs79815064	3	46277577	A	G	NEO516	0|0	4|3
rs79815064	3	46277577	A	G	NEO261	0|0	3|3
rs79815064	3	46277577	A	G	NEO194	0|0	4|4
rs79815064	3	46277577	A	G	NEO561	0|0	4|4
rs79815064	3	46277577	A	G	NEO306	0|0	1|2
rs79815064	3	46277577	A	G	NEO560	0|0	4|3
rs79815064	3	46277577	A	G	NEO557	0|0	4|4
rs79815064	3	46277577	A	G	NEO556	0|0	4|4
rs79815064	3	46277577	A	G	NEO160	0|0	4|4
rs79815064	3	46277577	A	G	NEO555	0|0	4|4
rs79815064	3	46277577	A	G	NEO509	0|0	1|2
rs79815064	3	46277577	A	G	NEO559	0|0	4|4
rs79815064	3	46277577	A	G	NEO193	0|0	4|3
rs79815064	3	46277577	A	G	NEO212	0|0	4|4
rs79815064	3	46277577	A	G	NEO186	0|0	4|3
rs79815064	3	46277577	A	G	NEO570	0|0	3|3
rs79815064	3	46277577	A	G	NEO878	0|0	2|3
rs79815064	3	46277577	A	G	NEO812	0|0	1|3
rs79815064	3	46277577	A	G	NEO943	0|0	3|1
rs79815064	3	46277577	A	G	NEO27	1|0	3|4
rs79815064	3	46277577	A	G	NEO946	1|0	2|4
rs79815064	3	46277577	A	G	NEO122	0|0	3|3
rs79815064	3	46277577	A	G	NEO528	0|0	3|3
rs79815064	3	46277577	A	G	NEO202	0|0	4|4
rs79815064	3	46277577	A	G	NEO178	0|0	4|3
rs79815064	3	46277577	A	G	NEO121	0|0	2|3
rs79815064	3	46277577	A	G	NEO123	0|0	4|3
rs79815064	3	46277577	A	G	NEO142	0|0	1|3
rs79815064	3	46277577	A	G	NEO19	0|0	3|3
rs79815064	3	46277577	A	G	NEO174	0|0	4|4
rs79815064	3	46277577	A	G	NEO173	0|0	3|3
rs79815064	3	46277577	A	G	NEO171	0|1	4|4
rs79815064	3	46277577	A	G	NEO225	0|0	1|4
rs79815064	3	46277577	A	G	NEO197	0|1	4|2
rs79815064	3	46277577	A	G	NEO228	0|0	2|4
rs79815064	3	46277577	A	G	NEO25	0|0	1|3
rs79815064	3	46277577	A	G	NEO166	0|0	4|4
rs79815064	3	46277577	A	G	NEO18	0|0	4|4
rs79815064	3	46277577	A	G	NEO180	0|1	4|4
rs79815064	3	46277577	A	G	NEO184	0|0	4|4
rs79815064	3	46277577	A	G	NEO185	0|0	4|3
rs79815064	3	46277577	A	G	NEO853	0|0	3|3
rs79815064	3	46277577	A	G	NEO538	0|0	3|4
rs79815064	3	46277577	A	G	NEO891	0|0	3|1
rs79815064	3	46277577	A	G	NEO589	0|0	3|3
rs79815064	3	46277577	A	G	NEO791	0|0	3|3
rs79815064	3	46277577	A	G	NEO806	0|1	2|4
rs79815064	3	46277577	A	G	NEO813	0|0	3|3
rs79815064	3	46277577	A	G	NEO819	0|0	3|2
rs79815064	3	46277577	A	G	NEO88	0|0	4|4
rs79815064	3	46277577	A	G	NEO925	0|0	1|1
rs79815064	3	46277577	A	G	NEO93	0|0	1|3
rs79815064	3	46277577	A	G	NEO932	0|0	3|3
rs79815064	3	46277577	A	G	NEO87	0|0	4|4
rs79815064	3	46277577	A	G	NEO933	0|0	1|1
rs79815064	3	46277577	A	G	NEO938	0|0	3|3
rs79815064	3	46277577	A	G	NEO941	0|0	3|1
rs79815064	3	46277577	A	G	NEO942	0|0	1|1
rs79815064	3	46277577	A	G	NEO945	0|0	3|1
rs79815064	3	46277577	A	G	NEO951	0|0	3|2
rs79815064	3	46277577	A	G	NEO92	0|0	2|2
rs79815064	3	46277577	A	G	NEO898	0|0	3|3
rs79815064	3	46277577	A	G	NEO23	0|0	1|1
rs79815064	3	46277577	A	G	NEO281	0|0	2|2
rs79815064	3	46277577	A	G	NEO36	0|0	1|1
rs79815064	3	46277577	A	G	NEO646	0|0	3|3
rs79815064	3	46277577	A	G	NEO935	0|0	3|1
rs79815064	3	46277577	A	G	NEO870	0|0	2|4
rs79815064	3	46277577	A	G	NEO855	0|1	3|3
rs79815064	3	46277577	A	G	NEO624	0|0	1|1
rs79815064	3	46277577	A	G	NEO632	0|0	3|3
rs79815064	3	46277577	A	G	NEO641	0|0	3|1
rs79815064	3	46277577	A	G	NEO649	0|0	1|4
rs79815064	3	46277577	A	G	NEO631	0|0	3|2
rs79815064	3	46277577	A	G	NEO630	0|0	1|4
rs79815064	3	46277577	A	G	NEO597	0|0	1|3
rs79815064	3	46277577	A	G	NEO598	0|0	3|3
rs79815064	3	46277577	A	G	NEO609	0|0	1|1
rs79815064	3	46277577	A	G	NEO658	0|0	4|4
rs79815064	3	46277577	A	G	NEO625	0|0	3|1
rs79815064	3	46277577	A	G	NEO721	0|0	1|1
rs79815064	3	46277577	A	G	NEO694	0|0	3|3
rs79815064	3	46277577	A	G	NEO752	0|0	1|3
rs79815064	3	46277577	A	G	NEO683	1|0	4|3
rs79815064	3	46277577	A	G	NEO759	0|0	3|4
rs79815064	3	46277577	A	G	NEO749	0|0	3|3
rs79815064	3	46277577	A	G	NEO737	0|0	3|1
rs79815064	3	46277577	A	G	NEO739	0|0	1|2
rs79815064	3	46277577	A	G	NEO738	0|0	2|2
rs79815064	3	46277577	A	G	NEO866	0|0	3|1
rs79815064	3	46277577	A	G	NEO751	0|0	3|3
rs79815064	3	46277577	A	G	RISE487	1|0	3|1
rs79815064	3	46277577	A	G	RISE392	0|0	1|3
rs79815064	3	46277577	A	G	RISE150	0|0	4|3
rs79815064	3	46277577	A	G	RISE109	0|0	2|4
rs79815064	3	46277577	A	G	RISE486	0|0	3|1
rs79815064	3	46277577	A	G	RISE489	0|0	1|1
rs79815064	3	46277577	A	G	RISE395	0|0	3|4
rs79815064	3	46277577	A	G	RISE479	0|0	4|2
rs79815064	3	46277577	A	G	RISE98	0|0	1|3
rs79815064	3	46277577	A	G	RISE569	1|0	2|1
rs79815064	3	46277577	A	G	RISE94	0|0	4|2
rs79815064	3	46277577	A	G	RISE523	0|0	1|1
rs79815064	3	46277577	A	G	RISE00	0|0	1|1
rs79815064	3	46277577	A	G	RISE563	0|0	1|4
rs79815064	3	46277577	A	G	RISE559	0|0	2|3
rs79815064	3	46277577	A	G	RISE552	0|0	2|2
rs79815064	3	46277577	A	G	RISE577	0|0	1|4
rs79815064	3	46277577	A	G	VK549	0|0	1|2
rs79815064	3	46277577	A	G	VK547	0|0	3|1
rs79815064	3	46277577	A	G	VK544	0|0	1|1
rs79815064	3	46277577	A	G	VK543	0|0	1|1
rs79815064	3	46277577	A	G	VK542	0|0	2|2
rs79815064	3	46277577	A	G	VK541	0|0	1|2
rs79815064	3	46277577	A	G	VK539	0|0	1|4
rs79815064	3	46277577	A	G	VK50	0|0	1|1
rs79815064	3	46277577	A	G	VK98	0|0	2|2
rs79815064	3	46277577	A	G	VK90	0|0	2|3
rs79815064	3	46277577	A	G	VK537	0|0	1|1
rs79815064	3	46277577	A	G	VK487	0|0	2|1
rs79815064	3	46277577	A	G	VK498	0|0	1|2
rs79815064	3	46277577	A	G	VK260	0|0	1|1
rs79815064	3	46277577	A	G	VK538	0|0	1|1
rs79815064	3	46277577	A	G	VK550	0|0	1|2
rs79815064	3	46277577	A	G	VK533	0|1	1|4
rs79815064	3	46277577	A	G	VK555	0|0	1|1
rs79815064	3	46277577	A	G	VK287	0|0	4|1
rs79815064	3	46277577	A	G	VK342	1|0	2|1
rs79815064	3	46277577	A	G	VK306	1|0	3|1
rs79815064	3	46277577	A	G	VK168	0|0	3|3
rs79815064	3	46277577	A	G	VK17	0|1	2|4
rs79815064	3	46277577	A	G	VK171	0|0	2|1
rs79815064	3	46277577	A	G	VK172	0|0	3|4
rs79815064	3	46277577	A	G	VK173	0|0	1|1
rs79815064	3	46277577	A	G	VK174	0|0	2|2
rs79815064	3	46277577	A	G	VK176	0|0	4|3
rs79815064	3	46277577	A	G	VK177	0|0	4|1
rs79815064	3	46277577	A	G	VK178	0|0	1|4
rs79815064	3	46277577	A	G	VK179	0|0	2|1
rs79815064	3	46277577	A	G	VK18	0|0	1|2
rs79815064	3	46277577	A	G	VK303	0|0	1|1
rs79815064	3	46277577	A	G	VK184	0|0	4|1
rs79815064	3	46277577	A	G	VK187	0|0	2|1
rs79815064	3	46277577	A	G	VK190	0|0	2|4
rs79815064	3	46277577	A	G	VK355	0|0	2|1
rs79815064	3	46277577	A	G	VK1	0|0	1|4
rs79815064	3	46277577	A	G	VK357	0|0	1|3
rs79815064	3	46277577	A	G	VK504	0|0	4|3
rs79815064	3	46277577	A	G	VK505	0|0	2|1
rs79815064	3	46277577	A	G	VK506	0|0	1|3
rs79815064	3	46277577	A	G	VK507	0|0	3|4
rs79815064	3	46277577	A	G	VK241	0|0	1|3
rs79815064	3	46277577	A	G	VK295	0|0	4|1
rs79815064	3	46277577	A	G	VK296	0|0	2|3
rs79815064	3	46277577	A	G	VK256	0|0	2|1
rs79815064	3	46277577	A	G	VK254	0|0	1|1
rs79815064	3	46277577	A	G	VK262	0|0	2|1
rs79815064	3	46277577	A	G	VK263	0|0	3|2
rs79815064	3	46277577	A	G	VK264	0|0	2|1
rs79815064	3	46277577	A	G	VK265	0|0	4|1
rs79815064	3	46277577	A	G	VK266	0|0	2|3
rs79815064	3	46277577	A	G	VK27	0|0	3|4
rs79815064	3	46277577	A	G	VK273	0|0	1|1
rs79815064	3	46277577	A	G	VK274	0|0	1|1
rs79815064	3	46277577	A	G	VK281	0|0	2|2
rs79815064	3	46277577	A	G	VK282	0|0	4|4
rs79815064	3	46277577	A	G	VK30	0|0	1|4
rs79815064	3	46277577	A	G	VK285	0|0	4|3
rs79815064	3	46277577	A	G	VK259	0|0	2|2
rs79815064	3	46277577	A	G	VK258	0|0	4|2
rs79815064	3	46277577	A	G	VK257	0|0	4|1
rs79815064	3	46277577	A	G	VK238	0|0	4|3
rs79815064	3	46277577	A	G	VK288	0|0	1|1
rs79815064	3	46277577	A	G	VK291	0|0	3|1
rs79815064	3	46277577	A	G	VK508	0|0	2|2
rs79815064	3	46277577	A	G	VK51	0|0	1|2
rs79815064	3	46277577	A	G	VK370	1|0	2|1
rs79815064	3	46277577	A	G	VK495	0|1	3|2
rs79815064	3	46277577	A	G	VK510	1|0	2|2
rs79815064	3	46277577	A	G	VK147	1|0	2|3
rs79815064	3	46277577	A	G	VK146	1|0	2|4
rs79815064	3	46277577	A	G	VK317	0|1	1|2
rs79815064	3	46277577	A	G	VK175	0|1	1|2
rs79815064	3	46277577	A	G	VK334	1|0	2|3
rs79815064	3	46277577	A	G	VK102	0|0	1|4
rs79815064	3	46277577	A	G	VK279	1|0	2|2
rs79815064	3	46277577	A	G	VK344	0|1	4|2
rs79815064	3	46277577	A	G	VK526	1|0	2|2
rs79815064	3	46277577	A	G	VK408	1|0	4|1
rs79815064	3	46277577	A	G	VK348	0|1	4|2
rs79815064	3	46277577	A	G	VK521	1|0	2|2
rs79815064	3	46277577	A	G	VK349	1|0	2|1
rs79815064	3	46277577	A	G	VK221	1|0	2|2
rs79815064	3	46277577	A	G	VK308	1|0	2|2
rs79815064	3	46277577	A	G	VK128	1|0	4|1
rs79815064	3	46277577	A	G	VK151	0|1	1|2
rs79815064	3	46277577	A	G	VK551	1|0	4|2
rs79815064	3	46277577	A	G	VK468	0|1	2|2
rs79815064	3	46277577	A	G	VK548	1|0	4|2
rs79815064	3	46277577	A	G	VK509	0|0	1|1
rs79815064	3	46277577	A	G	VK166	0|0	1|2
rs79815064	3	46277577	A	G	VK122	0|0	4|2
rs79815064	3	46277577	A	G	VK165	0|0	2|2
rs79815064	3	46277577	A	G	VK220	0|0	2|3
rs79815064	3	46277577	A	G	VK183	0|0	2|3
rs79815064	3	46277577	A	G	VK219	0|0	1|1
rs79815064	3	46277577	A	G	VK134	0|0	3|1
rs79815064	3	46277577	A	G	VK139	0|0	4|1
rs79815064	3	46277577	A	G	VK141	0|0	1|2
rs79815064	3	46277577	A	G	VK143	0|0	2|2
rs79815064	3	46277577	A	G	VK15	0|0	1|4
rs79815064	3	46277577	A	G	VK150	0|0	1|1
rs79815064	3	46277577	A	G	VK156	0|0	3|1
rs79815064	3	46277577	A	G	VK157	0|0	1|3
rs79815064	3	46277577	A	G	VK160	0|0	1|3
rs79815064	3	46277577	A	G	VK314	0|0	1|2
rs79815064	3	46277577	A	G	VK101	0|0	1|1
rs79815064	3	46277577	A	G	VK207	0|0	1|1
rs79815064	3	46277577	A	G	VK205	0|0	1|2
rs79815064	3	46277577	A	G	VK203	0|0	4|3
rs79815064	3	46277577	A	G	VK202	1|0	3|1
rs79815064	3	46277577	A	G	VK201	0|0	1|3
rs79815064	3	46277577	A	G	VK204	0|0	1|3
rs79815064	3	46277577	A	G	VK354	1|0	3|1
rs79815064	3	46277577	A	G	VK129	0|0	4|4
rs79815064	3	46277577	A	G	VK118	0|0	4|4
rs79815064	3	46277577	A	G	VK320	0|0	2|2
rs79815064	3	46277577	A	G	VK322	0|0	1|4
rs79815064	3	46277577	A	G	VK352	0|0	1|1
rs79815064	3	46277577	A	G	VK491	0|0	1|2
rs79815064	3	46277577	A	G	VK492	0|0	1|1
rs79815064	3	46277577	A	G	VK494	0|0	4|4
rs79815064	3	46277577	A	G	VK553	0|0	4|3
rs79815064	3	46277577	A	G	VK389	0|0	4|2
rs79815064	3	46277577	A	G	VK392	0|0	1|4
rs79815064	3	46277577	A	G	VK386	0|0	2|3
rs79815064	3	46277577	A	G	VK448	0|0	1|1
rs79815064	3	46277577	A	G	VK444	0|0	1|3
rs79815064	3	46277577	A	G	VK443	0|0	2|1
rs79815064	3	46277577	A	G	VK442	0|0	3|1
rs79815064	3	46277577	A	G	VK44	0|0	4|2
rs79815064	3	46277577	A	G	VK445	0|0	3|1
rs79815064	3	46277577	A	G	VK438	0|0	2|4
rs79815064	3	46277577	A	G	VK455	0|0	1|1
rs79815064	3	46277577	A	G	VK458	0|0	4|3
rs79815064	3	46277577	A	G	VK457	0|0	2|1
rs79815064	3	46277577	A	G	VK456	0|1	1|2
rs79815064	3	46277577	A	G	VK425	0|0	2|3
rs79815064	3	46277577	A	G	VK426	0|0	2|1
rs79815064	3	46277577	A	G	VK428	0|0	2|3
rs79815064	3	46277577	A	G	VK489	0|0	3|3
rs79815064	3	46277577	A	G	VK429	0|0	2|4
rs79815064	3	46277577	A	G	VK488	0|0	2|2
rs79815064	3	46277577	A	G	VK56	0|0	1|1
rs79815064	3	46277577	A	G	VK58	0|0	1|1
rs79815064	3	46277577	A	G	VK496	0|0	2|4
rs79815064	3	46277577	A	G	VK493	0|0	1|2
rs79815064	3	46277577	A	G	VK518	0|0	2|3
rs79815064	3	46277577	A	G	VK522	0|0	2|1
rs79815064	3	46277577	A	G	VK523	0|0	1|2
rs79815064	3	46277577	A	G	VK524	0|0	3|3
rs79815064	3	46277577	A	G	VK525	0|0	1|1
rs79815064	3	46277577	A	G	VK527	0|0	1|1
rs79815064	3	46277577	A	G	VK528	1|0	4|1
rs79815064	3	46277577	A	G	VK532	0|0	2|2
rs79815064	3	46277577	A	G	VK473	0|0	2|1
rs79815064	3	46277577	A	G	VK474	0|0	2|2
rs79815064	3	46277577	A	G	VK477	0|0	4|1
rs79815064	3	46277577	A	G	VK48	0|0	1|4
rs79815064	3	46277577	A	G	VK480	0|0	1|1
rs79815064	3	46277577	A	G	VK481	0|0	1|2
rs79815064	3	46277577	A	G	VK482	0|0	1|1
rs79815064	3	46277577	A	G	VK483	0|0	3|3
rs79815064	3	46277577	A	G	VK484	0|1	4|2
rs79815064	3	46277577	A	G	VK486	0|0	3|4
rs79815064	3	46277577	A	G	VK422	0|0	4|2
rs79815064	3	46277577	A	G	VK42	0|0	3|1
rs79815064	3	46277577	A	G	VK433	0|0	2|3
rs79815064	3	46277577	A	G	VK365	0|0	1|1
rs79815064	3	46277577	A	G	VK367	0|0	3|2
rs79815064	3	46277577	A	G	VK405	0|0	1|1
rs79815064	3	46277577	A	G	VK514	0|1	4|4
rs79815064	3	46277577	A	G	VK475	0|0	2|4
rs79815064	3	46277577	A	G	VK511	0|0	2|2
rs79815064	3	46277577	A	G	VK290	0|0	1|2
rs79815064	3	46277577	A	G	VK330	0|0	1|1
rs79815064	3	46277577	A	G	VK332	0|0	1|3
rs79815064	3	46277577	A	G	VK333	0|0	3|3
rs79815064	3	46277577	A	G	VK335	0|0	1|2
rs79815064	3	46277577	A	G	VK336	0|0	1|3
rs79815064	3	46277577	A	G	VK337	0|0	1|1
rs79815064	3	46277577	A	G	VK34	0|0	1|1
rs79815064	3	46277577	A	G	VK513	0|0	3|1
rs79815064	3	46277577	A	G	VK343	0|0	1|1
rs79815064	3	46277577	A	G	VK345	0|0	2|1
rs79815064	3	46277577	A	G	VK35	0|0	1|1
rs79815064	3	46277577	A	G	VK350	0|0	1|1
rs79815064	3	46277577	A	G	VK362	0|0	2|2
rs79815064	3	46277577	A	G	VK358	0|0	3|1
rs79815064	3	46277577	A	G	VK419	0|0	2|3
rs79815064	3	46277577	A	G	VK418	0|0	4|1
rs79815064	3	46277577	A	G	VK372	0|0	2|2
rs79815064	3	46277577	A	G	VK371	0|0	1|2
rs79815064	3	46277577	A	G	VK393	0|0	3|2
rs79815064	3	46277577	A	G	VK394	0|0	4|2
rs79815064	3	46277577	A	G	VK395	0|0	3|1
rs79815064	3	46277577	A	G	VK396	0|0	2|4
rs79815064	3	46277577	A	G	VK397	0|0	4|2
rs79815064	3	46277577	A	G	VK398	0|0	3|2
rs79815064	3	46277577	A	G	VK554	0|0	1|1
rs79815064	3	46277577	A	G	VK399	0|0	2|4
rs79815064	3	46277577	A	G	VK400	0|0	1|1
rs79815064	3	46277577	A	G	VK401	0|0	2|1
rs79815064	3	46277577	A	G	VK402	0|0	3|3
rs79815064	3	46277577	A	G	VK403	0|0	1|1
rs79815064	3	46277577	A	G	VK404	0|0	1|1
rs79815064	3	46277577	A	G	VK407	0|0	1|1
rs79815064	3	46277577	A	G	VK414	0|0	3|2
rs79815064	3	46277577	A	G	VK388	0|1	4|3
rs79815064	3	46277577	A	G	VK415	0|0	1|2
rs79815064	3	46277577	A	G	VK387	0|0	2|4
rs79815064	3	46277577	A	G	VK40	0|0	1|1
rs79815064	3	46277577	A	G	VK536	0|0	3|4
rs113341849	3	46384204	G	A	Yamnaya	1|0	2|2
rs113341849	3	46384204	G	A	DA381	0|0	4|2
rs113341849	3	46384204	G	A	NEO302	0|0	2|3
rs113341849	3	46384204	G	A	NEO300	1|0	2|4
rs113341849	3	46384204	G	A	NEO310	0|0	2|2
rs113341849	3	46384204	G	A	NEO503	0|0	4|4
rs113341849	3	46384204	G	A	NEO502	0|0	3|4
rs113341849	3	46384204	G	A	NEO170	0|0	3|1
rs113341849	3	46384204	G	A	NEO51	0|0	3|1
rs113341849	3	46384204	G	A	NEO187	0|0	4|3
rs113341849	3	46384204	G	A	NEO590	1|0	2|2
rs113341849	3	46384204	G	A	NEO260	0|0	3|3
rs113341849	3	46384204	G	A	NEO304	0|0	4|4
rs113341849	3	46384204	G	A	NEO163	0|0	3|4
rs113341849	3	46384204	G	A	NEO498	0|0	4|1
rs113341849	3	46384204	G	A	NEO305	0|0	4|4
rs113341849	3	46384204	G	A	NEO816	0|0	2|1
rs113341849	3	46384204	G	A	NEO29	0|0	4|1
rs113341849	3	46384204	G	A	NEO521	0|0	4|3
rs113341849	3	46384204	G	A	NEO52	0|0	2|4
rs113341849	3	46384204	G	A	NEO516	0|0	3|3
rs113341849	3	46384204	G	A	NEO261	0|0	4|3
rs113341849	3	46384204	G	A	NEO194	0|0	3|4
rs113341849	3	46384204	G	A	NEO561	0|0	4|4
rs113341849	3	46384204	G	A	NEO306	0|0	2|2
rs113341849	3	46384204	G	A	NEO560	0|0	4|4
rs113341849	3	46384204	G	A	NEO557	0|0	4|4
rs113341849	3	46384204	G	A	NEO556	0|0	4|4
rs113341849	3	46384204	G	A	NEO160	0|0	4|4
rs113341849	3	46384204	G	A	NEO555	0|0	4|4
rs113341849	3	46384204	G	A	NEO509	0|0	1|2
rs113341849	3	46384204	G	A	NEO559	0|0	4|4
rs113341849	3	46384204	G	A	NEO193	0|0	4|4
rs113341849	3	46384204	G	A	NEO212	0|0	4|4
rs113341849	3	46384204	G	A	NEO186	0|0	4|4
rs113341849	3	46384204	G	A	NEO570	0|0	3|3
rs113341849	3	46384204	G	A	NEO878	0|0	1|3
rs113341849	3	46384204	G	A	NEO812	0|0	1|3
rs113341849	3	46384204	G	A	NEO943	0|0	1|4
rs113341849	3	46384204	G	A	NEO27	0|0	3|1
rs113341849	3	46384204	G	A	NEO946	1|0	2|4
rs113341849	3	46384204	G	A	NEO122	0|0	3|3
rs113341849	3	46384204	G	A	NEO528	0|0	4|3
rs113341849	3	46384204	G	A	NEO202	0|0	4|4
rs113341849	3	46384204	G	A	NEO178	0|0	4|4
rs113341849	3	46384204	G	A	NEO121	0|0	3|3
rs113341849	3	46384204	G	A	NEO123	0|0	3|3
rs113341849	3	46384204	G	A	NEO142	0|0	1|3
rs113341849	3	46384204	G	A	NEO19	0|0	3|3
rs113341849	3	46384204	G	A	NEO174	0|0	4|4
rs113341849	3	46384204	G	A	NEO173	0|0	3|4
rs113341849	3	46384204	G	A	NEO171	0|1	4|2
rs113341849	3	46384204	G	A	NEO225	0|0	1|4
rs113341849	3	46384204	G	A	NEO197	0|0	4|2
rs113341849	3	46384204	G	A	NEO228	0|0	2|4
rs113341849	3	46384204	G	A	NEO25	0|0	1|3
rs113341849	3	46384204	G	A	NEO166	0|0	4|4
rs113341849	3	46384204	G	A	NEO18	0|0	4|4
rs113341849	3	46384204	G	A	NEO180	0|0	1|4
rs113341849	3	46384204	G	A	NEO184	0|0	4|4
rs113341849	3	46384204	G	A	NEO185	0|0	4|3
rs113341849	3	46384204	G	A	NEO853	0|0	3|3
rs113341849	3	46384204	G	A	NEO538	0|0	3|4
rs113341849	3	46384204	G	A	NEO891	0|0	1|1
rs113341849	3	46384204	G	A	NEO589	0|0	3|3
rs113341849	3	46384204	G	A	NEO791	0|0	3|4
rs113341849	3	46384204	G	A	NEO806	0|0	3|3
rs113341849	3	46384204	G	A	NEO813	0|0	3|3
rs113341849	3	46384204	G	A	NEO819	0|0	1|2
rs113341849	3	46384204	G	A	NEO88	0|0	4|4
rs113341849	3	46384204	G	A	NEO925	0|0	1|1
rs113341849	3	46384204	G	A	NEO93	0|0	1|3
rs113341849	3	46384204	G	A	NEO932	0|0	3|3
rs113341849	3	46384204	G	A	NEO87	0|0	4|4
rs113341849	3	46384204	G	A	NEO933	0|0	1|1
rs113341849	3	46384204	G	A	NEO938	0|0	3|3
rs113341849	3	46384204	G	A	NEO941	0|0	3|3
rs113341849	3	46384204	G	A	NEO942	0|0	1|1
rs113341849	3	46384204	G	A	NEO945	0|0	1|3
rs113341849	3	46384204	G	A	NEO951	0|0	3|4
rs113341849	3	46384204	G	A	NEO92	0|0	2|2
rs113341849	3	46384204	G	A	NEO898	0|0	3|3
rs113341849	3	46384204	G	A	NEO23	0|0	1|1
rs113341849	3	46384204	G	A	NEO281	0|0	3|2
rs113341849	3	46384204	G	A	NEO36	0|0	1|1
rs113341849	3	46384204	G	A	NEO646	0|0	3|3
rs113341849	3	46384204	G	A	NEO935	0|0	3|3
rs113341849	3	46384204	G	A	NEO870	0|0	2|4
rs113341849	3	46384204	G	A	NEO855	0|1	3|3
rs113341849	3	46384204	G	A	NEO624	0|0	1|1
rs113341849	3	46384204	G	A	NEO632	0|0	1|3
rs113341849	3	46384204	G	A	NEO641	0|0	4|1
rs113341849	3	46384204	G	A	NEO649	0|0	1|2
rs113341849	3	46384204	G	A	NEO631	0|0	3|3
rs113341849	3	46384204	G	A	NEO630	0|0	1|1
rs113341849	3	46384204	G	A	NEO597	0|0	1|3
rs113341849	3	46384204	G	A	NEO598	0|0	3|3
rs113341849	3	46384204	G	A	NEO609	0|0	1|1
rs113341849	3	46384204	G	A	NEO658	0|0	3|4
rs113341849	3	46384204	G	A	NEO625	0|0	2|1
rs113341849	3	46384204	G	A	NEO721	0|0	1|1
rs113341849	3	46384204	G	A	NEO694	0|0	3|3
rs113341849	3	46384204	G	A	NEO752	0|0	1|1
rs113341849	3	46384204	G	A	NEO683	0|0	4|3
rs113341849	3	46384204	G	A	NEO759	0|0	3|4
rs113341849	3	46384204	G	A	NEO749	0|0	3|3
rs113341849	3	46384204	G	A	NEO737	0|0	1|1
rs113341849	3	46384204	G	A	NEO739	0|0	1|2
rs113341849	3	46384204	G	A	NEO738	0|0	2|1
rs113341849	3	46384204	G	A	NEO866	0|0	3|1
rs113341849	3	46384204	G	A	NEO751	0|0	3|3
rs113341849	3	46384204	G	A	RISE487	0|0	3|1
rs113341849	3	46384204	G	A	RISE392	0|0	1|3
rs113341849	3	46384204	G	A	RISE150	0|0	4|1
rs113341849	3	46384204	G	A	RISE109	0|0	2|3
rs113341849	3	46384204	G	A	RISE486	0|0	1|3
rs113341849	3	46384204	G	A	RISE489	0|0	1|1
rs113341849	3	46384204	G	A	RISE395	0|0	3|2
rs113341849	3	46384204	G	A	RISE479	0|0	4|2
rs113341849	3	46384204	G	A	RISE98	0|0	1|3
rs113341849	3	46384204	G	A	RISE569	1|0	4|1
rs113341849	3	46384204	G	A	RISE94	0|0	4|4
rs113341849	3	46384204	G	A	RISE523	0|0	1|1
rs113341849	3	46384204	G	A	RISE00	0|0	1|1
rs113341849	3	46384204	G	A	RISE563	0|0	2|4
rs113341849	3	46384204	G	A	RISE559	0|0	2|3
rs113341849	3	46384204	G	A	RISE552	0|0	2|3
rs113341849	3	46384204	G	A	RISE577	0|0	1|2
rs113341849	3	46384204	G	A	VK549	0|0	2|2
rs113341849	3	46384204	G	A	VK547	0|0	1|1
rs113341849	3	46384204	G	A	VK544	0|0	1|1
rs113341849	3	46384204	G	A	VK543	0|0	1|1
rs113341849	3	46384204	G	A	VK542	0|0	2|1
rs113341849	3	46384204	G	A	VK541	0|0	1|1
rs113341849	3	46384204	G	A	VK539	0|0	1|4
rs113341849	3	46384204	G	A	VK50	0|0	1|1
rs113341849	3	46384204	G	A	VK98	0|0	1|2
rs113341849	3	46384204	G	A	VK90	0|0	2|3
rs113341849	3	46384204	G	A	VK537	0|0	1|1
rs113341849	3	46384204	G	A	VK487	0|0	2|3
rs113341849	3	46384204	G	A	VK498	0|0	1|2
rs113341849	3	46384204	G	A	VK260	0|0	1|1
rs113341849	3	46384204	G	A	VK538	0|0	1|1
rs113341849	3	46384204	G	A	VK550	0|0	1|2
rs113341849	3	46384204	G	A	VK533	0|1	1|2
rs113341849	3	46384204	G	A	VK555	0|0	1|1
rs113341849	3	46384204	G	A	VK287	0|0	4|3
rs113341849	3	46384204	G	A	VK342	1|0	2|1
rs113341849	3	46384204	G	A	VK306	0|0	3|1
rs113341849	3	46384204	G	A	VK168	0|0	4|3
rs113341849	3	46384204	G	A	VK17	0|1	4|4
rs113341849	3	46384204	G	A	VK171	0|0	2|1
rs113341849	3	46384204	G	A	VK172	0|0	3|4
rs113341849	3	46384204	G	A	VK173	0|0	1|1
rs113341849	3	46384204	G	A	VK174	0|0	2|2
rs113341849	3	46384204	G	A	VK176	0|0	4|3
rs113341849	3	46384204	G	A	VK177	0|0	4|1
rs113341849	3	46384204	G	A	VK178	0|0	1|4
rs113341849	3	46384204	G	A	VK179	0|0	2|1
rs113341849	3	46384204	G	A	VK18	0|0	1|2
rs113341849	3	46384204	G	A	VK303	0|0	1|3
rs113341849	3	46384204	G	A	VK184	0|0	4|1
rs113341849	3	46384204	G	A	VK187	0|0	2|1
rs113341849	3	46384204	G	A	VK190	0|0	2|4
rs113341849	3	46384204	G	A	VK355	0|0	2|1
rs113341849	3	46384204	G	A	VK1	0|0	1|4
rs113341849	3	46384204	G	A	VK357	0|0	1|1
rs113341849	3	46384204	G	A	VK504	0|0	4|3
rs113341849	3	46384204	G	A	VK505	0|0	2|1
rs113341849	3	46384204	G	A	VK506	0|0	1|3
rs113341849	3	46384204	G	A	VK507	0|0	3|4
rs113341849	3	46384204	G	A	VK241	0|0	1|3
rs113341849	3	46384204	G	A	VK295	0|0	4|1
rs113341849	3	46384204	G	A	VK296	0|0	4|4
rs113341849	3	46384204	G	A	VK256	0|0	1|1
rs113341849	3	46384204	G	A	VK254	0|0	6|1
rs113341849	3	46384204	G	A	VK262	0|0	2|1
rs113341849	3	46384204	G	A	VK263	0|0	3|1
rs113341849	3	46384204	G	A	VK264	0|0	2|1
rs113341849	3	46384204	G	A	VK265	0|0	4|1
rs113341849	3	46384204	G	A	VK266	0|0	1|3
rs113341849	3	46384204	G	A	VK27	0|0	3|4
rs113341849	3	46384204	G	A	VK273	0|0	1|1
rs113341849	3	46384204	G	A	VK274	0|0	1|1
rs113341849	3	46384204	G	A	VK281	0|0	2|2
rs113341849	3	46384204	G	A	VK282	0|0	4|4
rs113341849	3	46384204	G	A	VK30	0|0	1|4
rs113341849	3	46384204	G	A	VK285	0|0	3|2
rs113341849	3	46384204	G	A	VK259	0|0	2|4
rs113341849	3	46384204	G	A	VK258	0|0	4|2
rs113341849	3	46384204	G	A	VK257	0|0	4|1
rs113341849	3	46384204	G	A	VK238	0|0	4|3
rs113341849	3	46384204	G	A	VK288	0|0	1|1
rs113341849	3	46384204	G	A	VK291	0|0	1|1
rs113341849	3	46384204	G	A	VK508	0|0	2|2
rs113341849	3	46384204	G	A	VK51	0|0	1|2
rs113341849	3	46384204	G	A	VK370	1|0	2|1
rs113341849	3	46384204	G	A	VK495	0|1	3|2
rs113341849	3	46384204	G	A	VK510	1|0	2|2
rs113341849	3	46384204	G	A	VK147	1|0	2|4
rs113341849	3	46384204	G	A	VK146	1|0	3|3
rs113341849	3	46384204	G	A	VK317	0|1	1|2
rs113341849	3	46384204	G	A	VK175	0|1	4|4
rs113341849	3	46384204	G	A	VK334	1|0	2|3
rs113341849	3	46384204	G	A	VK102	0|0	1|2
rs113341849	3	46384204	G	A	VK279	1|0	2|2
rs113341849	3	46384204	G	A	VK344	0|1	1|2
rs113341849	3	46384204	G	A	VK526	1|0	2|1
rs113341849	3	46384204	G	A	VK408	1|0	4|1
rs113341849	3	46384204	G	A	VK348	0|1	3|2
rs113341849	3	46384204	G	A	VK521	1|0	2|2
rs113341849	3	46384204	G	A	VK349	1|0	2|1
rs113341849	3	46384204	G	A	VK221	1|0	2|1
rs113341849	3	46384204	G	A	VK308	1|0	4|2
rs113341849	3	46384204	G	A	VK128	1|0	4|1
rs113341849	3	46384204	G	A	VK151	0|1	1|2
rs113341849	3	46384204	G	A	VK551	1|0	2|2
rs113341849	3	46384204	G	A	VK468	0|1	1|2
rs113341849	3	46384204	G	A	VK548	1|0	4|2
rs113341849	3	46384204	G	A	VK509	0|0	2|1
rs113341849	3	46384204	G	A	VK166	0|0	1|2
rs113341849	3	46384204	G	A	VK122	0|0	1|2
rs113341849	3	46384204	G	A	VK165	0|0	2|1
rs113341849	3	46384204	G	A	VK220	0|0	1|4
rs113341849	3	46384204	G	A	VK183	0|0	2|3
rs113341849	3	46384204	G	A	VK219	0|0	1|1
rs113341849	3	46384204	G	A	VK134	0|0	3|1
rs113341849	3	46384204	G	A	VK139	0|0	4|1
rs113341849	3	46384204	G	A	VK141	0|0	3|2
rs113341849	3	46384204	G	A	VK143	0|0	1|2
rs113341849	3	46384204	G	A	VK15	0|0	1|4
rs113341849	3	46384204	G	A	VK150	0|0	1|1
rs113341849	3	46384204	G	A	VK156	0|0	1|1
rs113341849	3	46384204	G	A	VK157	0|0	1|3
rs113341849	3	46384204	G	A	VK160	0|0	1|2
rs113341849	3	46384204	G	A	VK314	0|0	1|2
rs113341849	3	46384204	G	A	VK101	0|0	1|1
rs113341849	3	46384204	G	A	VK207	0|0	1|1
rs113341849	3	46384204	G	A	VK205	0|0	1|1
rs113341849	3	46384204	G	A	VK203	0|0	3|3
rs113341849	3	46384204	G	A	VK202	1|0	3|1
rs113341849	3	46384204	G	A	VK201	0|0	3|3
rs113341849	3	46384204	G	A	VK204	0|0	1|2
rs113341849	3	46384204	G	A	VK354	0|0	3|1
rs113341849	3	46384204	G	A	VK129	0|0	4|4
rs113341849	3	46384204	G	A	VK118	0|0	4|4
rs113341849	3	46384204	G	A	VK320	0|0	2|2
rs113341849	3	46384204	G	A	VK322	0|0	1|4
rs113341849	3	46384204	G	A	VK352	0|0	1|1
rs113341849	3	46384204	G	A	VK491	0|0	1|2
rs113341849	3	46384204	G	A	VK492	0|0	1|1
rs113341849	3	46384204	G	A	VK494	0|0	2|4
rs113341849	3	46384204	G	A	VK553	0|0	4|3
rs113341849	3	46384204	G	A	VK389	0|0	3|4
rs113341849	3	46384204	G	A	VK392	0|0	1|4
rs113341849	3	46384204	G	A	VK386	0|0	2|3
rs113341849	3	46384204	G	A	VK448	0|0	1|1
rs113341849	3	46384204	G	A	VK444	0|0	1|4
rs113341849	3	46384204	G	A	VK443	0|0	2|1
rs113341849	3	46384204	G	A	VK442	0|0	3|1
rs113341849	3	46384204	G	A	VK44	0|0	3|2
rs113341849	3	46384204	G	A	VK445	0|0	3|3
rs113341849	3	46384204	G	A	VK438	0|0	2|4
rs113341849	3	46384204	G	A	VK455	0|0	1|1
rs113341849	3	46384204	G	A	VK458	0|0	4|3
rs113341849	3	46384204	G	A	VK457	0|0	4|1
rs113341849	3	46384204	G	A	VK456	0|1	1|2
rs113341849	3	46384204	G	A	VK425	0|0	1|2
rs113341849	3	46384204	G	A	VK426	0|0	2|1
rs113341849	3	46384204	G	A	VK428	0|0	2|2
rs113341849	3	46384204	G	A	VK489	0|0	4|3
rs113341849	3	46384204	G	A	VK429	0|0	1|4
rs113341849	3	46384204	G	A	VK488	0|0	4|2
rs113341849	3	46384204	G	A	VK56	0|0	1|1
rs113341849	3	46384204	G	A	VK58	0|0	1|1
rs113341849	3	46384204	G	A	VK496	0|0	2|2
rs113341849	3	46384204	G	A	VK493	0|0	1|1
rs113341849	3	46384204	G	A	VK518	0|0	4|6
rs113341849	3	46384204	G	A	VK522	0|0	2|1
rs113341849	3	46384204	G	A	VK523	0|0	1|4
rs113341849	3	46384204	G	A	VK524	0|0	2|3
rs113341849	3	46384204	G	A	VK525	0|0	1|1
rs113341849	3	46384204	G	A	VK527	0|0	1|1
rs113341849	3	46384204	G	A	VK528	1|0	4|1
rs113341849	3	46384204	G	A	VK532	0|0	2|2
rs113341849	3	46384204	G	A	VK473	0|0	2|1
rs113341849	3	46384204	G	A	VK474	0|0	2|2
rs113341849	3	46384204	G	A	VK477	0|0	4|1
rs113341849	3	46384204	G	A	VK48	0|0	1|4
rs113341849	3	46384204	G	A	VK480	0|0	1|1
rs113341849	3	46384204	G	A	VK481	0|0	1|2
rs113341849	3	46384204	G	A	VK482	0|0	1|1
rs113341849	3	46384204	G	A	VK483	0|0	3|4
rs113341849	3	46384204	G	A	VK484	0|1	2|2
rs113341849	3	46384204	G	A	VK486	0|0	3|4
rs113341849	3	46384204	G	A	VK422	0|0	4|2
rs113341849	3	46384204	G	A	VK42	0|0	3|2
rs113341849	3	46384204	G	A	VK433	0|0	2|2
rs113341849	3	46384204	G	A	VK365	0|0	1|1
rs113341849	3	46384204	G	A	VK367	0|0	3|4
rs113341849	3	46384204	G	A	VK405	0|0	1|1
rs113341849	3	46384204	G	A	VK514	0|1	4|4
rs113341849	3	46384204	G	A	VK475	0|0	1|4
rs113341849	3	46384204	G	A	VK511	0|0	3|1
rs113341849	3	46384204	G	A	VK290	0|0	1|3
rs113341849	3	46384204	G	A	VK330	0|0	1|1
rs113341849	3	46384204	G	A	VK332	0|0	1|3
rs113341849	3	46384204	G	A	VK333	0|0	3|2
rs113341849	3	46384204	G	A	VK335	0|0	1|2
rs113341849	3	46384204	G	A	VK336	0|0	1|3
rs113341849	3	46384204	G	A	VK337	0|0	2|1
rs113341849	3	46384204	G	A	VK34	0|0	1|1
rs113341849	3	46384204	G	A	VK513	0|0	3|1
rs113341849	3	46384204	G	A	VK343	0|0	1|1
rs113341849	3	46384204	G	A	VK345	0|0	2|1
rs113341849	3	46384204	G	A	VK35	0|0	3|1
rs113341849	3	46384204	G	A	VK350	0|0	1|1
rs113341849	3	46384204	G	A	VK362	0|0	2|2
rs113341849	3	46384204	G	A	VK358	0|0	1|1
rs113341849	3	46384204	G	A	VK419	0|0	2|4
rs113341849	3	46384204	G	A	VK418	0|0	4|1
rs113341849	3	46384204	G	A	VK372	0|0	2|1
rs113341849	3	46384204	G	A	VK371	0|0	2|1
rs113341849	3	46384204	G	A	VK393	0|0	3|2
rs113341849	3	46384204	G	A	VK394	0|0	4|1
rs113341849	3	46384204	G	A	VK395	0|0	3|1
rs113341849	3	46384204	G	A	VK396	0|0	2|4
rs113341849	3	46384204	G	A	VK397	0|0	3|1
rs113341849	3	46384204	G	A	VK398	0|0	3|2
rs113341849	3	46384204	G	A	VK554	0|0	1|1
rs113341849	3	46384204	G	A	VK399	0|0	2|4
rs113341849	3	46384204	G	A	VK400	0|0	3|1
rs113341849	3	46384204	G	A	VK401	0|0	4|2
rs113341849	3	46384204	G	A	VK402	0|0	3|3
rs113341849	3	46384204	G	A	VK403	0|0	1|1
rs113341849	3	46384204	G	A	VK404	0|0	1|1
rs113341849	3	46384204	G	A	VK407	0|0	3|1
rs113341849	3	46384204	G	A	VK414	0|0	1|2
rs113341849	3	46384204	G	A	VK388	0|0	4|3
rs113341849	3	46384204	G	A	VK415	0|0	1|1
rs113341849	3	46384204	G	A	VK387	0|0	1|4
rs113341849	3	46384204	G	A	VK40	0|0	1|1
rs113341849	3	46384204	G	A	VK536	0|0	3|3
rs11574435	3	46447972	C	T	Yamnaya	1|0	2|2
rs11574435	3	46447972	C	T	DA381	0|0	2|2
rs11574435	3	46447972	C	T	NEO302	0|0	2|3
rs11574435	3	46447972	C	T	NEO300	1|0	2|4
rs11574435	3	46447972	C	T	NEO310	0|0	2|2
rs11574435	3	46447972	C	T	NEO503	0|1	4|4
rs11574435	3	46447972	C	T	NEO502	0|0	3|4
rs11574435	3	46447972	C	T	NEO170	0|0	4|4
rs11574435	3	46447972	C	T	NEO51	0|0	2|1
rs11574435	3	46447972	C	T	NEO187	0|0	4|3
rs11574435	3	46447972	C	T	NEO590	1|0	2|2
rs11574435	3	46447972	C	T	NEO260	0|0	3|3
rs11574435	3	46447972	C	T	NEO304	0|0	4|4
rs11574435	3	46447972	C	T	NEO163	0|0	3|4
rs11574435	3	46447972	C	T	NEO498	0|0	4|1
rs11574435	3	46447972	C	T	NEO305	0|0	3|4
rs11574435	3	46447972	C	T	NEO816	0|0	1|1
rs11574435	3	46447972	C	T	NEO29	0|0	1|2
rs11574435	3	46447972	C	T	NEO521	0|0	3|4
rs11574435	3	46447972	C	T	NEO52	0|0	2|2
rs11574435	3	46447972	C	T	NEO516	0|0	4|4
rs11574435	3	46447972	C	T	NEO261	0|0	4|3
rs11574435	3	46447972	C	T	NEO194	0|0	3|4
rs11574435	3	46447972	C	T	NEO561	0|0	4|4
rs11574435	3	46447972	C	T	NEO306	0|0	1|2
rs11574435	3	46447972	C	T	NEO560	0|0	4|3
rs11574435	3	46447972	C	T	NEO557	0|0	4|4
rs11574435	3	46447972	C	T	NEO556	0|0	4|4
rs11574435	3	46447972	C	T	NEO160	0|1	3|3
rs11574435	3	46447972	C	T	NEO555	0|0	4|4
rs11574435	3	46447972	C	T	NEO509	0|0	2|1
rs11574435	3	46447972	C	T	NEO559	0|0	4|4
rs11574435	3	46447972	C	T	NEO193	0|0	4|4
rs11574435	3	46447972	C	T	NEO212	0|0	4|4
rs11574435	3	46447972	C	T	NEO186	0|0	4|3
rs11574435	3	46447972	C	T	NEO570	0|0	3|3
rs11574435	3	46447972	C	T	NEO878	0|0	2|3
rs11574435	3	46447972	C	T	NEO812	0|0	1|3
rs11574435	3	46447972	C	T	NEO943	0|0	1|3
rs11574435	3	46447972	C	T	NEO27	0|1	3|3
rs11574435	3	46447972	C	T	NEO946	1|0	2|4
rs11574435	3	46447972	C	T	NEO122	0|0	3|3
rs11574435	3	46447972	C	T	NEO528	0|1	1|4
rs11574435	3	46447972	C	T	NEO202	0|0	4|3
rs11574435	3	46447972	C	T	NEO178	0|0	4|3
rs11574435	3	46447972	C	T	NEO121	0|0	3|1
rs11574435	3	46447972	C	T	NEO123	0|0	3|3
rs11574435	3	46447972	C	T	NEO142	0|0	1|3
rs11574435	3	46447972	C	T	NEO19	0|0	3|3
rs11574435	3	46447972	C	T	NEO174	0|0	4|2
rs11574435	3	46447972	C	T	NEO173	0|0	3|4
rs11574435	3	46447972	C	T	NEO171	1|0	4|4
rs11574435	3	46447972	C	T	NEO225	0|0	1|2
rs11574435	3	46447972	C	T	NEO197	0|1	4|2
rs11574435	3	46447972	C	T	NEO228	0|0	2|4
rs11574435	3	46447972	C	T	NEO25	0|0	1|1
rs11574435	3	46447972	C	T	NEO166	0|0	4|4
rs11574435	3	46447972	C	T	NEO18	0|0	4|4
rs11574435	3	46447972	C	T	NEO180	0|1	1|4
rs11574435	3	46447972	C	T	NEO184	0|0	4|4
rs11574435	3	46447972	C	T	NEO185	0|0	4|3
rs11574435	3	46447972	C	T	NEO853	0|0	3|3
rs11574435	3	46447972	C	T	NEO538	1|0	4|4
rs11574435	3	46447972	C	T	NEO891	0|0	1|1
rs11574435	3	46447972	C	T	NEO589	0|0	3|3
rs11574435	3	46447972	C	T	NEO791	0|0	3|3
rs11574435	3	46447972	C	T	NEO806	0|1	2|3
rs11574435	3	46447972	C	T	NEO813	0|0	3|3
rs11574435	3	46447972	C	T	NEO819	0|0	2|3
rs11574435	3	46447972	C	T	NEO88	0|0	4|4
rs11574435	3	46447972	C	T	NEO925	0|0	1|3
rs11574435	3	46447972	C	T	NEO93	0|0	3|3
rs11574435	3	46447972	C	T	NEO932	0|0	3|3
rs11574435	3	46447972	C	T	NEO87	0|0	4|4
rs11574435	3	46447972	C	T	NEO933	0|0	1|1
rs11574435	3	46447972	C	T	NEO938	0|0	3|3
rs11574435	3	46447972	C	T	NEO941	0|0	3|3
rs11574435	3	46447972	C	T	NEO942	0|0	1|1
rs11574435	3	46447972	C	T	NEO945	0|0	1|3
rs11574435	3	46447972	C	T	NEO951	0|0	3|2
rs11574435	3	46447972	C	T	NEO92	0|0	2|2
rs11574435	3	46447972	C	T	NEO898	0|0	3|3
rs11574435	3	46447972	C	T	NEO23	0|0	1|1
rs11574435	3	46447972	C	T	NEO281	0|0	2|2
rs11574435	3	46447972	C	T	NEO36	0|0	1|1
rs11574435	3	46447972	C	T	NEO646	0|0	3|3
rs11574435	3	46447972	C	T	NEO935	0|0	1|3
rs11574435	3	46447972	C	T	NEO870	0|0	2|4
rs11574435	3	46447972	C	T	NEO855	0|0	3|3
rs11574435	3	46447972	C	T	NEO624	0|0	1|1
rs11574435	3	46447972	C	T	NEO632	0|0	1|3
rs11574435	3	46447972	C	T	NEO641	0|0	3|1
rs11574435	3	46447972	C	T	NEO649	0|0	1|4
rs11574435	3	46447972	C	T	NEO631	1|0	2|3
rs11574435	3	46447972	C	T	NEO630	0|0	1|1
rs11574435	3	46447972	C	T	NEO597	0|0	1|1
rs11574435	3	46447972	C	T	NEO598	0|0	3|3
rs11574435	3	46447972	C	T	NEO609	0|0	1|1
rs11574435	3	46447972	C	T	NEO658	0|0	4|3
rs11574435	3	46447972	C	T	NEO625	0|0	3|1
rs11574435	3	46447972	C	T	NEO721	0|0	1|1
rs11574435	3	46447972	C	T	NEO694	0|0	3|3
rs11574435	3	46447972	C	T	NEO752	0|0	1|1
rs11574435	3	46447972	C	T	NEO683	0|1	3|3
rs11574435	3	46447972	C	T	NEO759	0|0	3|4
rs11574435	3	46447972	C	T	NEO749	0|0	3|3
rs11574435	3	46447972	C	T	NEO737	0|0	1|2
rs11574435	3	46447972	C	T	NEO739	0|0	1|2
rs11574435	3	46447972	C	T	NEO738	0|0	2|2
rs11574435	3	46447972	C	T	NEO866	0|0	3|1
rs11574435	3	46447972	C	T	NEO751	1|0	3|3
rs11574435	3	46447972	C	T	RISE487	1|0	4|1
rs11574435	3	46447972	C	T	RISE392	0|0	1|3
rs11574435	3	46447972	C	T	RISE150	0|0	4|2
rs11574435	3	46447972	C	T	RISE109	0|0	2|4
rs11574435	3	46447972	C	T	RISE486	0|0	1|3
rs11574435	3	46447972	C	T	RISE489	0|0	1|1
rs11574435	3	46447972	C	T	RISE395	0|0	3|2
rs11574435	3	46447972	C	T	RISE479	0|0	4|2
rs11574435	3	46447972	C	T	RISE98	0|0	3|3
rs11574435	3	46447972	C	T	RISE569	1|0	2|2
rs11574435	3	46447972	C	T	RISE94	0|0	3|4
rs11574435	3	46447972	C	T	RISE523	0|0	4|1
rs11574435	3	46447972	C	T	RISE00	0|0	1|1
rs11574435	3	46447972	C	T	RISE563	0|0	2|4
rs11574435	3	46447972	C	T	RISE559	0|0	1|1
rs11574435	3	46447972	C	T	RISE552	0|0	2|2
rs11574435	3	46447972	C	T	RISE577	0|0	1|2
rs11574435	3	46447972	C	T	VK549	0|0	1|2
rs11574435	3	46447972	C	T	VK547	0|0	1|1
rs11574435	3	46447972	C	T	VK544	0|0	1|1
rs11574435	3	46447972	C	T	VK543	0|0	1|1
rs11574435	3	46447972	C	T	VK542	0|0	2|1
rs11574435	3	46447972	C	T	VK541	0|0	1|2
rs11574435	3	46447972	C	T	VK539	0|0	1|4
rs11574435	3	46447972	C	T	VK50	0|0	3|2
rs11574435	3	46447972	C	T	VK98	0|0	2|2
rs11574435	3	46447972	C	T	VK90	0|0	2|3
rs11574435	3	46447972	C	T	VK537	0|0	1|1
rs11574435	3	46447972	C	T	VK487	0|0	2|1
rs11574435	3	46447972	C	T	VK498	0|0	3|2
rs11574435	3	46447972	C	T	VK260	0|0	2|1
rs11574435	3	46447972	C	T	VK538	0|0	1|1
rs11574435	3	46447972	C	T	VK550	0|0	1|2
rs11574435	3	46447972	C	T	VK533	0|1	1|2
rs11574435	3	46447972	C	T	VK555	0|0	1|1
rs11574435	3	46447972	C	T	VK287	0|0	4|1
rs11574435	3	46447972	C	T	VK342	1|0	2|1
rs11574435	3	46447972	C	T	VK306	1|0	3|3
rs11574435	3	46447972	C	T	VK168	0|0	3|3
rs11574435	3	46447972	C	T	VK17	0|1	4|2
rs11574435	3	46447972	C	T	VK171	0|0	2|1
rs11574435	3	46447972	C	T	VK172	0|0	3|4
rs11574435	3	46447972	C	T	VK173	0|0	1|1
rs11574435	3	46447972	C	T	VK174	0|0	2|2
rs11574435	3	46447972	C	T	VK176	0|0	4|4
rs11574435	3	46447972	C	T	VK177	0|0	1|1
rs11574435	3	46447972	C	T	VK178	0|0	1|3
rs11574435	3	46447972	C	T	VK179	0|0	2|1
rs11574435	3	46447972	C	T	VK18	0|0	1|2
rs11574435	3	46447972	C	T	VK303	0|0	1|1
rs11574435	3	46447972	C	T	VK184	0|0	1|1
rs11574435	3	46447972	C	T	VK187	0|0	1|2
rs11574435	3	46447972	C	T	VK190	0|0	2|4
rs11574435	3	46447972	C	T	VK355	0|0	2|1
rs11574435	3	46447972	C	T	VK1	0|0	3|4
rs11574435	3	46447972	C	T	VK357	0|0	1|1
rs11574435	3	46447972	C	T	VK504	0|0	4|3
rs11574435	3	46447972	C	T	VK505	0|0	2|3
rs11574435	3	46447972	C	T	VK506	0|0	1|3
rs11574435	3	46447972	C	T	VK507	0|0	3|4
rs11574435	3	46447972	C	T	VK241	0|0	1|3
rs11574435	3	46447972	C	T	VK295	0|0	2|1
rs11574435	3	46447972	C	T	VK296	0|0	4|4
rs11574435	3	46447972	C	T	VK256	0|0	2|1
rs11574435	3	46447972	C	T	VK254	0|0	2|1
rs11574435	3	46447972	C	T	VK262	0|0	2|1
rs11574435	3	46447972	C	T	VK263	0|0	3|2
rs11574435	3	46447972	C	T	VK264	0|0	2|1
rs11574435	3	46447972	C	T	VK265	0|0	3|2
rs11574435	3	46447972	C	T	VK266	0|0	2|1
rs11574435	3	46447972	C	T	VK27	0|0	4|4
rs11574435	3	46447972	C	T	VK273	0|0	3|2
rs11574435	3	46447972	C	T	VK274	0|0	1|1
rs11574435	3	46447972	C	T	VK281	0|0	2|2
rs11574435	3	46447972	C	T	VK282	0|0	4|4
rs11574435	3	46447972	C	T	VK30	0|0	1|4
rs11574435	3	46447972	C	T	VK285	0|0	3|1
rs11574435	3	46447972	C	T	VK259	0|0	1|4
rs11574435	3	46447972	C	T	VK258	0|0	4|2
rs11574435	3	46447972	C	T	VK257	0|0	4|1
rs11574435	3	46447972	C	T	VK238	0|0	4|4
rs11574435	3	46447972	C	T	VK288	0|0	3|1
rs11574435	3	46447972	C	T	VK291	0|0	1|1
rs11574435	3	46447972	C	T	VK508	0|0	2|2
rs11574435	3	46447972	C	T	VK51	0|0	2|2
rs11574435	3	46447972	C	T	VK370	1|0	4|1
rs11574435	3	46447972	C	T	VK495	1|0	2|3
rs11574435	3	46447972	C	T	VK510	1|0	4|2
rs11574435	3	46447972	C	T	VK147	1|0	4|4
rs11574435	3	46447972	C	T	VK146	1|0	4|3
rs11574435	3	46447972	C	T	VK317	0|1	1|2
rs11574435	3	46447972	C	T	VK175	0|1	4|2
rs11574435	3	46447972	C	T	VK334	1|0	2|3
rs11574435	3	46447972	C	T	VK102	0|0	1|2
rs11574435	3	46447972	C	T	VK279	1|0	2|2
rs11574435	3	46447972	C	T	VK344	0|1	1|2
rs11574435	3	46447972	C	T	VK526	1|0	2|2
rs11574435	3	46447972	C	T	VK408	1|0	4|1
rs11574435	3	46447972	C	T	VK348	0|1	4|2
rs11574435	3	46447972	C	T	VK521	1|0	2|2
rs11574435	3	46447972	C	T	VK349	1|0	2|1
rs11574435	3	46447972	C	T	VK221	1|0	4|2
rs11574435	3	46447972	C	T	VK308	1|0	2|2
rs11574435	3	46447972	C	T	VK128	1|0	4|1
rs11574435	3	46447972	C	T	VK151	0|1	1|4
rs11574435	3	46447972	C	T	VK551	1|0	2|2
rs11574435	3	46447972	C	T	VK468	0|1	2|2
rs11574435	3	46447972	C	T	VK548	1|0	2|2
rs11574435	3	46447972	C	T	VK509	0|0	2|1
rs11574435	3	46447972	C	T	VK166	0|0	1|2
rs11574435	3	46447972	C	T	VK122	0|0	3|2
rs11574435	3	46447972	C	T	VK165	0|0	2|2
rs11574435	3	46447972	C	T	VK220	0|0	1|2
rs11574435	3	46447972	C	T	VK183	0|0	2|3
rs11574435	3	46447972	C	T	VK219	0|0	3|1
rs11574435	3	46447972	C	T	VK134	0|0	3|1
rs11574435	3	46447972	C	T	VK139	0|0	4|2
rs11574435	3	46447972	C	T	VK141	0|0	1|2
rs11574435	3	46447972	C	T	VK143	0|0	2|2
rs11574435	3	46447972	C	T	VK15	0|0	1|4
rs11574435	3	46447972	C	T	VK150	0|0	1|1
rs11574435	3	46447972	C	T	VK156	0|0	1|1
rs11574435	3	46447972	C	T	VK157	0|0	1|3
rs11574435	3	46447972	C	T	VK160	0|0	2|2
rs11574435	3	46447972	C	T	VK314	0|0	1|2
rs11574435	3	46447972	C	T	VK101	0|0	2|1
rs11574435	3	46447972	C	T	VK207	0|0	1|1
rs11574435	3	46447972	C	T	VK205	0|0	1|2
rs11574435	3	46447972	C	T	VK203	0|0	4|3
rs11574435	3	46447972	C	T	VK202	1|0	4|1
rs11574435	3	46447972	C	T	VK201	0|0	3|3
rs11574435	3	46447972	C	T	VK204	0|0	1|2
rs11574435	3	46447972	C	T	VK354	1|0	3|1
rs11574435	3	46447972	C	T	VK129	0|0	4|4
rs11574435	3	46447972	C	T	VK118	0|0	4|4
rs11574435	3	46447972	C	T	VK320	0|0	2|2
rs11574435	3	46447972	C	T	VK322	0|0	1|2
rs11574435	3	46447972	C	T	VK352	0|0	1|1
rs11574435	3	46447972	C	T	VK491	0|0	1|2
rs11574435	3	46447972	C	T	VK492	0|0	1|1
rs11574435	3	46447972	C	T	VK494	0|0	2|4
rs11574435	3	46447972	C	T	VK553	0|0	4|3
rs11574435	3	46447972	C	T	VK389	0|0	2|4
rs11574435	3	46447972	C	T	VK392	0|0	1|4
rs11574435	3	46447972	C	T	VK386	0|0	1|3
rs11574435	3	46447972	C	T	VK448	0|0	1|2
rs11574435	3	46447972	C	T	VK444	0|0	1|2
rs11574435	3	46447972	C	T	VK443	0|0	2|1
rs11574435	3	46447972	C	T	VK442	0|0	3|1
rs11574435	3	46447972	C	T	VK44	0|0	4|2
rs11574435	3	46447972	C	T	VK445	0|0	3|1
rs11574435	3	46447972	C	T	VK438	0|0	2|4
rs11574435	3	46447972	C	T	VK455	0|0	1|1
rs11574435	3	46447972	C	T	VK458	0|0	4|3
rs11574435	3	46447972	C	T	VK457	0|0	4|1
rs11574435	3	46447972	C	T	VK456	0|1	1|2
rs11574435	3	46447972	C	T	VK425	0|0	3|1
rs11574435	3	46447972	C	T	VK426	0|0	2|1
rs11574435	3	46447972	C	T	VK428	0|0	1|2
rs11574435	3	46447972	C	T	VK489	0|0	4|3
rs11574435	3	46447972	C	T	VK429	0|0	4|4
rs11574435	3	46447972	C	T	VK488	0|0	4|2
rs11574435	3	46447972	C	T	VK56	0|0	1|1
rs11574435	3	46447972	C	T	VK58	0|0	1|1
rs11574435	3	46447972	C	T	VK496	0|0	2|2
rs11574435	3	46447972	C	T	VK493	0|0	1|1
rs11574435	3	46447972	C	T	VK518	0|0	4|2
rs11574435	3	46447972	C	T	VK522	0|0	2|2
rs11574435	3	46447972	C	T	VK523	0|0	1|4
rs11574435	3	46447972	C	T	VK524	0|0	4|3
rs11574435	3	46447972	C	T	VK525	0|0	4|1
rs11574435	3	46447972	C	T	VK527	0|0	1|2
rs11574435	3	46447972	C	T	VK528	1|0	4|1
rs11574435	3	46447972	C	T	VK532	0|0	2|2
rs11574435	3	46447972	C	T	VK473	0|0	2|1
rs11574435	3	46447972	C	T	VK474	0|0	2|2
rs11574435	3	46447972	C	T	VK477	0|0	1|1
rs11574435	3	46447972	C	T	VK48	0|0	1|4
rs11574435	3	46447972	C	T	VK480	0|0	1|1
rs11574435	3	46447972	C	T	VK481	0|0	1|2
rs11574435	3	46447972	C	T	VK482	0|0	1|1
rs11574435	3	46447972	C	T	VK483	0|0	3|2
rs11574435	3	46447972	C	T	VK484	0|1	2|4
rs11574435	3	46447972	C	T	VK486	0|0	3|4
rs11574435	3	46447972	C	T	VK422	0|0	3|2
rs11574435	3	46447972	C	T	VK42	0|0	3|1
rs11574435	3	46447972	C	T	VK433	0|0	2|2
rs11574435	3	46447972	C	T	VK365	0|0	2|1
rs11574435	3	46447972	C	T	VK367	0|0	3|4
rs11574435	3	46447972	C	T	VK405	0|0	1|1
rs11574435	3	46447972	C	T	VK514	0|1	4|4
rs11574435	3	46447972	C	T	VK475	0|0	2|4
rs11574435	3	46447972	C	T	VK511	0|0	1|2
rs11574435	3	46447972	C	T	VK290	0|0	1|3
rs11574435	3	46447972	C	T	VK330	0|0	3|1
rs11574435	3	46447972	C	T	VK332	0|0	1|3
rs11574435	3	46447972	C	T	VK333	0|0	3|2
rs11574435	3	46447972	C	T	VK335	0|0	1|2
rs11574435	3	46447972	C	T	VK336	0|0	1|3
rs11574435	3	46447972	C	T	VK337	0|0	1|1
rs11574435	3	46447972	C	T	VK34	0|0	1|1
rs11574435	3	46447972	C	T	VK513	0|0	3|1
rs11574435	3	46447972	C	T	VK343	0|0	1|1
rs11574435	3	46447972	C	T	VK345	0|0	1|1
rs11574435	3	46447972	C	T	VK35	0|0	3|1
rs11574435	3	46447972	C	T	VK350	0|0	1|1
rs11574435	3	46447972	C	T	VK362	0|0	2|2
rs11574435	3	46447972	C	T	VK358	0|0	1|1
rs11574435	3	46447972	C	T	VK419	0|0	2|3
rs11574435	3	46447972	C	T	VK418	0|0	3|1
rs11574435	3	46447972	C	T	VK372	0|0	4|1
rs11574435	3	46447972	C	T	VK371	0|0	1|1
rs11574435	3	46447972	C	T	VK393	0|0	3|2
rs11574435	3	46447972	C	T	VK394	0|0	4|2
rs11574435	3	46447972	C	T	VK395	0|0	3|1
rs11574435	3	46447972	C	T	VK396	0|0	2|4
rs11574435	3	46447972	C	T	VK397	0|0	3|2
rs11574435	3	46447972	C	T	VK398	0|0	2|2
rs11574435	3	46447972	C	T	VK554	0|0	1|1
rs11574435	3	46447972	C	T	VK399	0|0	2|4
rs11574435	3	46447972	C	T	VK400	0|0	1|1
rs11574435	3	46447972	C	T	VK401	0|0	4|1
rs11574435	3	46447972	C	T	VK402	0|0	3|3
rs11574435	3	46447972	C	T	VK403	0|0	1|1
rs11574435	3	46447972	C	T	VK404	0|0	1|1
rs11574435	3	46447972	C	T	VK407	0|0	1|1
rs11574435	3	46447972	C	T	VK414	0|0	1|2
rs11574435	3	46447972	C	T	VK388	0|1	4|4
rs11574435	3	46447972	C	T	VK415	0|0	1|2
rs11574435	3	46447972	C	T	VK387	0|0	1|4
rs11574435	3	46447972	C	T	VK40	0|0	1|3
rs11574435	3	46447972	C	T	VK536	0|0	4|3
rs113010081	3	46457412	T	C	Yamnaya	1|0	2|2
rs113010081	3	46457412	T	C	DA381	0|0	1|2
rs113010081	3	46457412	T	C	NEO302	0|0	2|4
rs113010081	3	46457412	T	C	NEO300	1|0	2|4
rs113010081	3	46457412	T	C	NEO310	0|0	2|2
rs113010081	3	46457412	T	C	NEO503	0|0	4|4
rs113010081	3	46457412	T	C	NEO502	0|0	3|4
rs113010081	3	46457412	T	C	NEO170	0|0	4|4
rs113010081	3	46457412	T	C	NEO51	0|0	2|1
rs113010081	3	46457412	T	C	NEO187	0|0	4|3
rs113010081	3	46457412	T	C	NEO590	1|0	2|2
rs113010081	3	46457412	T	C	NEO260	0|0	3|3
rs113010081	3	46457412	T	C	NEO304	0|0	4|4
rs113010081	3	46457412	T	C	NEO163	0|0	3|4
rs113010081	3	46457412	T	C	NEO498	0|0	4|1
rs113010081	3	46457412	T	C	NEO305	0|0	3|4
rs113010081	3	46457412	T	C	NEO816	0|0	1|1
rs113010081	3	46457412	T	C	NEO29	0|0	3|2
rs113010081	3	46457412	T	C	NEO521	0|0	2|4
rs113010081	3	46457412	T	C	NEO52	0|0	2|4
rs113010081	3	46457412	T	C	NEO516	0|0	4|3
rs113010081	3	46457412	T	C	NEO261	0|0	4|3
rs113010081	3	46457412	T	C	NEO194	0|0	3|4
rs113010081	3	46457412	T	C	NEO561	0|0	4|4
rs113010081	3	46457412	T	C	NEO306	0|0	1|2
rs113010081	3	46457412	T	C	NEO560	0|0	4|3
rs113010081	3	46457412	T	C	NEO557	0|0	4|4
rs113010081	3	46457412	T	C	NEO556	0|0	4|4
rs113010081	3	46457412	T	C	NEO160	0|0	3|3
rs113010081	3	46457412	T	C	NEO555	0|0	4|4
rs113010081	3	46457412	T	C	NEO509	0|0	2|1
rs113010081	3	46457412	T	C	NEO559	0|0	4|4
rs113010081	3	46457412	T	C	NEO193	0|0	4|4
rs113010081	3	46457412	T	C	NEO212	0|0	4|4
rs113010081	3	46457412	T	C	NEO186	0|0	4|3
rs113010081	3	46457412	T	C	NEO570	0|0	3|3
rs113010081	3	46457412	T	C	NEO878	0|0	2|3
rs113010081	3	46457412	T	C	NEO812	0|0	1|3
rs113010081	3	46457412	T	C	NEO943	0|0	1|3
rs113010081	3	46457412	T	C	NEO27	0|0	3|3
rs113010081	3	46457412	T	C	NEO946	1|0	2|4
rs113010081	3	46457412	T	C	NEO122	0|0	3|3
rs113010081	3	46457412	T	C	NEO528	0|0	1|4
rs113010081	3	46457412	T	C	NEO202	0|0	4|3
rs113010081	3	46457412	T	C	NEO178	0|0	4|4
rs113010081	3	46457412	T	C	NEO121	0|0	3|1
rs113010081	3	46457412	T	C	NEO123	0|0	3|3
rs113010081	3	46457412	T	C	NEO142	0|0	1|3
rs113010081	3	46457412	T	C	NEO19	0|0	3|3
rs113010081	3	46457412	T	C	NEO174	0|0	4|2
rs113010081	3	46457412	T	C	NEO173	0|0	3|4
rs113010081	3	46457412	T	C	NEO171	1|0	4|4
rs113010081	3	46457412	T	C	NEO225	0|0	1|2
rs113010081	3	46457412	T	C	NEO197	0|0	4|2
rs113010081	3	46457412	T	C	NEO228	0|0	2|4
rs113010081	3	46457412	T	C	NEO25	0|0	3|1
rs113010081	3	46457412	T	C	NEO166	0|0	4|4
rs113010081	3	46457412	T	C	NEO18	0|0	4|4
rs113010081	3	46457412	T	C	NEO180	0|0	3|4
rs113010081	3	46457412	T	C	NEO184	0|0	4|4
rs113010081	3	46457412	T	C	NEO185	0|0	4|3
rs113010081	3	46457412	T	C	NEO853	0|0	3|3
rs113010081	3	46457412	T	C	NEO538	0|0	4|4
rs113010081	3	46457412	T	C	NEO891	0|0	1|1
rs113010081	3	46457412	T	C	NEO589	0|0	3|3
rs113010081	3	46457412	T	C	NEO791	0|0	3|4
rs113010081	3	46457412	T	C	NEO806	0|0	2|3
rs113010081	3	46457412	T	C	NEO813	0|0	4|3
rs113010081	3	46457412	T	C	NEO819	0|0	2|3
rs113010081	3	46457412	T	C	NEO88	0|0	4|4
rs113010081	3	46457412	T	C	NEO925	0|0	1|3
rs113010081	3	46457412	T	C	NEO93	0|0	1|3
rs113010081	3	46457412	T	C	NEO932	0|0	3|3
rs113010081	3	46457412	T	C	NEO87	0|0	4|4
rs113010081	3	46457412	T	C	NEO933	0|0	1|1
rs113010081	3	46457412	T	C	NEO938	0|0	3|3
rs113010081	3	46457412	T	C	NEO941	0|0	3|3
rs113010081	3	46457412	T	C	NEO942	0|0	1|1
rs113010081	3	46457412	T	C	NEO945	0|0	1|3
rs113010081	3	46457412	T	C	NEO951	0|0	3|2
rs113010081	3	46457412	T	C	NEO92	0|0	2|2
rs113010081	3	46457412	T	C	NEO898	0|0	3|3
rs113010081	3	46457412	T	C	NEO23	0|0	1|3
rs113010081	3	46457412	T	C	NEO281	0|0	2|2
rs113010081	3	46457412	T	C	NEO36	0|0	1|1
rs113010081	3	46457412	T	C	NEO646	0|0	3|3
rs113010081	3	46457412	T	C	NEO935	0|0	1|3
rs113010081	3	46457412	T	C	NEO870	0|0	2|4
rs113010081	3	46457412	T	C	NEO855	0|0	3|3
rs113010081	3	46457412	T	C	NEO624	0|0	1|1
rs113010081	3	46457412	T	C	NEO632	0|0	1|3
rs113010081	3	46457412	T	C	NEO641	0|0	3|1
rs113010081	3	46457412	T	C	NEO649	0|0	1|4
rs113010081	3	46457412	T	C	NEO631	1|0	2|3
rs113010081	3	46457412	T	C	NEO630	0|0	1|1
rs113010081	3	46457412	T	C	NEO597	0|0	1|1
rs113010081	3	46457412	T	C	NEO598	0|0	3|3
rs113010081	3	46457412	T	C	NEO609	0|0	1|1
rs113010081	3	46457412	T	C	NEO658	0|0	4|3
rs113010081	3	46457412	T	C	NEO625	0|0	3|1
rs113010081	3	46457412	T	C	NEO721	0|0	1|1
rs113010081	3	46457412	T	C	NEO694	0|0	3|3
rs113010081	3	46457412	T	C	NEO752	0|0	1|1
rs113010081	3	46457412	T	C	NEO683	0|0	3|3
rs113010081	3	46457412	T	C	NEO759	0|0	3|4
rs113010081	3	46457412	T	C	NEO749	0|0	3|3
rs113010081	3	46457412	T	C	NEO737	0|0	3|2
rs113010081	3	46457412	T	C	NEO739	0|0	1|2
rs113010081	3	46457412	T	C	NEO738	0|0	4|2
rs113010081	3	46457412	T	C	NEO866	0|0	3|1
rs113010081	3	46457412	T	C	NEO751	0|0	3|3
rs113010081	3	46457412	T	C	RISE487	0|0	3|1
rs113010081	3	46457412	T	C	RISE392	0|0	1|3
rs113010081	3	46457412	T	C	RISE150	0|0	4|2
rs113010081	3	46457412	T	C	RISE109	0|0	2|4
rs113010081	3	46457412	T	C	RISE486	0|0	1|3
rs113010081	3	46457412	T	C	RISE489	0|0	1|1
rs113010081	3	46457412	T	C	RISE395	0|0	3|2
rs113010081	3	46457412	T	C	RISE479	0|0	4|2
rs113010081	3	46457412	T	C	RISE98	0|0	3|3
rs113010081	3	46457412	T	C	RISE569	1|0	2|2
rs113010081	3	46457412	T	C	RISE94	0|0	4|4
rs113010081	3	46457412	T	C	RISE523	0|0	4|1
rs113010081	3	46457412	T	C	RISE00	0|0	1|1
rs113010081	3	46457412	T	C	RISE563	0|0	2|4
rs113010081	3	46457412	T	C	RISE559	0|0	3|2
rs113010081	3	46457412	T	C	RISE552	0|0	2|2
rs113010081	3	46457412	T	C	RISE577	0|0	1|2
rs113010081	3	46457412	T	C	VK549	0|0	1|2
rs113010081	3	46457412	T	C	VK547	0|0	1|1
rs113010081	3	46457412	T	C	VK544	0|0	1|1
rs113010081	3	46457412	T	C	VK543	0|0	1|1
rs113010081	3	46457412	T	C	VK542	0|0	2|1
rs113010081	3	46457412	T	C	VK541	0|0	1|2
rs113010081	3	46457412	T	C	VK539	0|0	1|4
rs113010081	3	46457412	T	C	VK50	0|0	3|2
rs113010081	3	46457412	T	C	VK98	0|0	2|2
rs113010081	3	46457412	T	C	VK90	0|0	2|3
rs113010081	3	46457412	T	C	VK537	0|0	1|1
rs113010081	3	46457412	T	C	VK487	0|0	2|1
rs113010081	3	46457412	T	C	VK498	0|0	3|2
rs113010081	3	46457412	T	C	VK260	0|0	2|1
rs113010081	3	46457412	T	C	VK538	0|0	1|1
rs113010081	3	46457412	T	C	VK550	0|0	1|4
rs113010081	3	46457412	T	C	VK533	0|1	1|2
rs113010081	3	46457412	T	C	VK555	0|0	1|1
rs113010081	3	46457412	T	C	VK287	0|0	4|1
rs113010081	3	46457412	T	C	VK342	1|0	2|1
rs113010081	3	46457412	T	C	VK306	0|0	3|3
rs113010081	3	46457412	T	C	VK168	0|0	3|3
rs113010081	3	46457412	T	C	VK17	0|1	4|2
rs113010081	3	46457412	T	C	VK171	0|0	2|1
rs113010081	3	46457412	T	C	VK172	0|0	3|4
rs113010081	3	46457412	T	C	VK173	0|0	1|1
rs113010081	3	46457412	T	C	VK174	0|0	2|2
rs113010081	3	46457412	T	C	VK176	0|0	4|4
rs113010081	3	46457412	T	C	VK177	0|0	1|1
rs113010081	3	46457412	T	C	VK178	0|0	1|3
rs113010081	3	46457412	T	C	VK179	0|0	2|1
rs113010081	3	46457412	T	C	VK18	0|0	1|2
rs113010081	3	46457412	T	C	VK303	0|0	1|1
rs113010081	3	46457412	T	C	VK184	0|0	1|1
rs113010081	3	46457412	T	C	VK187	0|0	2|2
rs113010081	3	46457412	T	C	VK190	0|0	2|4
rs113010081	3	46457412	T	C	VK355	0|0	2|1
rs113010081	3	46457412	T	C	VK1	0|0	1|4
rs113010081	3	46457412	T	C	VK357	0|0	1|1
rs113010081	3	46457412	T	C	VK504	0|0	4|3
rs113010081	3	46457412	T	C	VK505	0|0	2|3
rs113010081	3	46457412	T	C	VK506	0|0	1|3
rs113010081	3	46457412	T	C	VK507	0|0	3|4
rs113010081	3	46457412	T	C	VK241	0|0	1|1
rs113010081	3	46457412	T	C	VK295	0|0	4|1
rs113010081	3	46457412	T	C	VK296	0|0	4|4
rs113010081	3	46457412	T	C	VK256	0|0	2|1
rs113010081	3	46457412	T	C	VK254	0|0	2|1
rs113010081	3	46457412	T	C	VK262	0|0	2|1
rs113010081	3	46457412	T	C	VK263	0|0	3|2
rs113010081	3	46457412	T	C	VK264	0|0	2|2
rs113010081	3	46457412	T	C	VK265	0|0	3|2
rs113010081	3	46457412	T	C	VK266	0|0	2|1
rs113010081	3	46457412	T	C	VK27	0|0	4|4
rs113010081	3	46457412	T	C	VK273	0|0	3|2
rs113010081	3	46457412	T	C	VK274	0|0	1|1
rs113010081	3	46457412	T	C	VK281	0|0	2|2
rs113010081	3	46457412	T	C	VK282	0|0	4|4
rs113010081	3	46457412	T	C	VK30	0|0	1|4
rs113010081	3	46457412	T	C	VK285	0|0	3|1
rs113010081	3	46457412	T	C	VK259	0|0	2|4
rs113010081	3	46457412	T	C	VK258	0|0	4|2
rs113010081	3	46457412	T	C	VK257	0|0	4|1
rs113010081	3	46457412	T	C	VK238	0|0	4|4
rs113010081	3	46457412	T	C	VK288	0|0	3|1
rs113010081	3	46457412	T	C	VK291	0|0	3|1
rs113010081	3	46457412	T	C	VK508	0|0	2|2
rs113010081	3	46457412	T	C	VK51	0|0	1|2
rs113010081	3	46457412	T	C	VK370	1|0	4|1
rs113010081	3	46457412	T	C	VK495	1|0	2|3
rs113010081	3	46457412	T	C	VK510	1|0	4|2
rs113010081	3	46457412	T	C	VK147	1|0	4|4
rs113010081	3	46457412	T	C	VK146	1|0	2|3
rs113010081	3	46457412	T	C	VK317	0|1	1|2
rs113010081	3	46457412	T	C	VK175	0|1	4|2
rs113010081	3	46457412	T	C	VK334	1|0	2|3
rs113010081	3	46457412	T	C	VK102	0|0	1|2
rs113010081	3	46457412	T	C	VK279	1|0	2|2
rs113010081	3	46457412	T	C	VK344	0|1	1|2
rs113010081	3	46457412	T	C	VK526	1|0	2|2
rs113010081	3	46457412	T	C	VK408	1|0	4|1
rs113010081	3	46457412	T	C	VK348	0|1	2|2
rs113010081	3	46457412	T	C	VK521	1|0	2|2
rs113010081	3	46457412	T	C	VK349	1|0	2|1
rs113010081	3	46457412	T	C	VK221	1|0	4|2
rs113010081	3	46457412	T	C	VK308	1|0	2|2
rs113010081	3	46457412	T	C	VK128	1|0	4|1
rs113010081	3	46457412	T	C	VK151	0|1	1|4
rs113010081	3	46457412	T	C	VK551	1|0	2|2
rs113010081	3	46457412	T	C	VK468	0|1	3|2
rs113010081	3	46457412	T	C	VK548	1|0	2|2
rs113010081	3	46457412	T	C	VK509	0|0	2|1
rs113010081	3	46457412	T	C	VK166	0|0	1|2
rs113010081	3	46457412	T	C	VK122	0|0	1|2
rs113010081	3	46457412	T	C	VK165	0|0	2|2
rs113010081	3	46457412	T	C	VK220	0|0	1|4
rs113010081	3	46457412	T	C	VK183	0|0	2|3
rs113010081	3	46457412	T	C	VK219	0|0	3|1
rs113010081	3	46457412	T	C	VK134	0|0	3|1
rs113010081	3	46457412	T	C	VK139	0|0	4|2
rs113010081	3	46457412	T	C	VK141	0|0	1|2
rs113010081	3	46457412	T	C	VK143	0|0	1|2
rs113010081	3	46457412	T	C	VK15	0|0	1|4
rs113010081	3	46457412	T	C	VK150	0|0	1|1
rs113010081	3	46457412	T	C	VK156	0|0	1|1
rs113010081	3	46457412	T	C	VK157	0|0	1|3
rs113010081	3	46457412	T	C	VK160	0|0	2|2
rs113010081	3	46457412	T	C	VK314	0|0	1|2
rs113010081	3	46457412	T	C	VK101	0|0	2|1
rs113010081	3	46457412	T	C	VK207	0|0	1|1
rs113010081	3	46457412	T	C	VK205	0|0	1|2
rs113010081	3	46457412	T	C	VK203	0|0	4|3
rs113010081	3	46457412	T	C	VK202	1|0	4|1
rs113010081	3	46457412	T	C	VK201	0|0	3|3
rs113010081	3	46457412	T	C	VK204	0|0	1|2
rs113010081	3	46457412	T	C	VK354	0|0	3|1
rs113010081	3	46457412	T	C	VK129	0|0	4|4
rs113010081	3	46457412	T	C	VK118	0|0	4|4
rs113010081	3	46457412	T	C	VK320	0|0	2|2
rs113010081	3	46457412	T	C	VK322	0|0	1|2
rs113010081	3	46457412	T	C	VK352	0|0	1|1
rs113010081	3	46457412	T	C	VK491	0|0	3|2
rs113010081	3	46457412	T	C	VK492	0|0	3|1
rs113010081	3	46457412	T	C	VK494	0|0	2|3
rs113010081	3	46457412	T	C	VK553	0|0	4|3
rs113010081	3	46457412	T	C	VK389	0|0	2|3
rs113010081	3	46457412	T	C	VK392	0|0	1|4
rs113010081	3	46457412	T	C	VK386	0|0	1|3
rs113010081	3	46457412	T	C	VK448	0|0	1|2
rs113010081	3	46457412	T	C	VK444	0|0	1|2
rs113010081	3	46457412	T	C	VK443	0|0	2|1
rs113010081	3	46457412	T	C	VK442	0|0	3|1
rs113010081	3	46457412	T	C	VK44	0|0	4|2
rs113010081	3	46457412	T	C	VK445	0|0	3|1
rs113010081	3	46457412	T	C	VK438	0|0	2|4
rs113010081	3	46457412	T	C	VK455	0|0	1|1
rs113010081	3	46457412	T	C	VK458	0|0	4|3
rs113010081	3	46457412	T	C	VK457	0|0	4|1
rs113010081	3	46457412	T	C	VK456	0|1	1|2
rs113010081	3	46457412	T	C	VK425	0|0	3|1
rs113010081	3	46457412	T	C	VK426	0|0	2|1
rs113010081	3	46457412	T	C	VK428	0|0	1|2
rs113010081	3	46457412	T	C	VK489	0|0	4|3
rs113010081	3	46457412	T	C	VK429	0|0	4|4
rs113010081	3	46457412	T	C	VK488	0|0	4|2
rs113010081	3	46457412	T	C	VK56	0|0	1|3
rs113010081	3	46457412	T	C	VK58	0|0	1|3
rs113010081	3	46457412	T	C	VK496	0|0	2|2
rs113010081	3	46457412	T	C	VK493	0|0	1|1
rs113010081	3	46457412	T	C	VK518	0|0	4|2
rs113010081	3	46457412	T	C	VK522	0|0	2|2
rs113010081	3	46457412	T	C	VK523	0|0	1|4
rs113010081	3	46457412	T	C	VK524	0|0	4|3
rs113010081	3	46457412	T	C	VK525	0|0	4|1
rs113010081	3	46457412	T	C	VK527	0|0	1|2
rs113010081	3	46457412	T	C	VK528	1|0	4|1
rs113010081	3	46457412	T	C	VK532	0|0	2|2
rs113010081	3	46457412	T	C	VK473	0|0	2|1
rs113010081	3	46457412	T	C	VK474	0|0	2|2
rs113010081	3	46457412	T	C	VK477	0|0	1|1
rs113010081	3	46457412	T	C	VK48	0|0	1|4
rs113010081	3	46457412	T	C	VK480	0|0	3|1
rs113010081	3	46457412	T	C	VK481	0|0	1|2
rs113010081	3	46457412	T	C	VK482	0|0	1|1
rs113010081	3	46457412	T	C	VK483	0|0	3|4
rs113010081	3	46457412	T	C	VK484	0|1	2|4
rs113010081	3	46457412	T	C	VK486	0|0	3|4
rs113010081	3	46457412	T	C	VK422	0|0	2|2
rs113010081	3	46457412	T	C	VK42	0|0	3|1
rs113010081	3	46457412	T	C	VK433	0|0	2|2
rs113010081	3	46457412	T	C	VK365	0|0	2|1
rs113010081	3	46457412	T	C	VK367	0|0	3|4
rs113010081	3	46457412	T	C	VK405	0|0	1|1
rs113010081	3	46457412	T	C	VK514	0|1	4|4
rs113010081	3	46457412	T	C	VK475	0|0	2|4
rs113010081	3	46457412	T	C	VK511	0|0	3|2
rs113010081	3	46457412	T	C	VK290	0|0	1|3
rs113010081	3	46457412	T	C	VK330	0|0	1|1
rs113010081	3	46457412	T	C	VK332	0|0	1|3
rs113010081	3	46457412	T	C	VK333	0|0	3|2
rs113010081	3	46457412	T	C	VK335	0|0	1|2
rs113010081	3	46457412	T	C	VK336	0|0	1|3
rs113010081	3	46457412	T	C	VK337	0|0	2|1
rs113010081	3	46457412	T	C	VK34	0|0	1|1
rs113010081	3	46457412	T	C	VK513	0|0	3|1
rs113010081	3	46457412	T	C	VK343	0|0	1|1
rs113010081	3	46457412	T	C	VK345	0|0	2|1
rs113010081	3	46457412	T	C	VK35	0|0	3|1
rs113010081	3	46457412	T	C	VK350	0|0	1|1
rs113010081	3	46457412	T	C	VK362	0|0	2|2
rs113010081	3	46457412	T	C	VK358	0|0	1|1
rs113010081	3	46457412	T	C	VK419	0|0	2|3
rs113010081	3	46457412	T	C	VK418	0|0	3|1
rs113010081	3	46457412	T	C	VK372	0|0	4|1
rs113010081	3	46457412	T	C	VK371	0|0	1|1
rs113010081	3	46457412	T	C	VK393	0|0	3|2
rs113010081	3	46457412	T	C	VK394	0|0	4|2
rs113010081	3	46457412	T	C	VK395	0|0	3|1
rs113010081	3	46457412	T	C	VK396	0|0	2|4
rs113010081	3	46457412	T	C	VK397	0|0	3|2
rs113010081	3	46457412	T	C	VK398	0|0	2|2
rs113010081	3	46457412	T	C	VK554	0|0	1|1
rs113010081	3	46457412	T	C	VK399	0|0	2|4
rs113010081	3	46457412	T	C	VK400	0|0	1|1
rs113010081	3	46457412	T	C	VK401	0|0	4|2
rs113010081	3	46457412	T	C	VK402	0|0	3|3
rs113010081	3	46457412	T	C	VK403	0|0	1|1
rs113010081	3	46457412	T	C	VK404	0|0	1|1
rs113010081	3	46457412	T	C	VK407	0|0	3|1
rs113010081	3	46457412	T	C	VK414	0|0	1|2
rs113010081	3	46457412	T	C	VK388	0|0	4|4
rs113010081	3	46457412	T	C	VK415	0|0	1|2
rs113010081	3	46457412	T	C	VK387	0|0	1|4
rs113010081	3	46457412	T	C	VK40	0|0	1|3
rs113010081	3	46457412	T	C	VK536	0|0	4|3
