Assigned	Sample	Predicted	RR	RA	AA
NEO	NEO115	RR	0.888184229433012	0.111815769678804	8.88184229433012e-10
NEO	NEO116	RR	0.940649056897204	0.0593509431027658	2.97459349868448e-14
NEO	NEO122	RR	0.799239670936358	0.200759928494922	4.00568719681765e-7
NEO	NEO145	RR	0.799239863632642	0.20075997689804	1.59469318052708e-7
NEO	NEO160	AA	1.59469318052708e-7	0.20075997689804	0.799239863632642
NEO	NEO164	RR	0.665917101116563	0.333749149733703	3.33749149733703e-4
NEO	NEO166	RR	0.799239863632642	0.20075997689804	1.59469318052708e-7
NEO	NEO167	RA	7.9306832160445e-4	0.998413863356791	7.9306832160445e-4
NEO	NEO173	RR	0.666050898233622	0.333816207140669	1.32894625709672e-4
NEO	NEO174	RR	0.666050898233622	0.333816207140669	1.32894625709672e-4
NEO	NEO175	AA	1.32894625709672e-4	0.333816207140669	0.666050898233622
NEO	NEO17	RR	0.888184230190477	0.111815769774163	3.53592510811367e-11
NEO	NEO182	RR	0.666050898233622	0.333816207140669	1.32894625709672e-4
NEO	NEO184	RR	0.666050898233622	0.333816207140669	1.32894625709672e-4
NEO	NEO185	RR	0.799239965656428	0.200760002525256	3.18183161320754e-8
NEO	NEO189	AA	0.00264493458401299	0.332977536034719	0.664377529381268
NEO	NEO18	RR	0.666050898233622	0.333816207140669	1.32894625709672e-4
NEO	NEO194	RR	0.940649056897204	0.0593509431027658	2.97459349868448e-14
NEO	NEO199	RR	0.888184230196937	0.111815769774976	2.80868514926562e-11
NEO	NEO200	RR	0.799239863632642	0.20075997689804	1.59469318052708e-7
NEO	NEO202	AA	5.6040636299593e-10	0.111815769715455	0.888184229724139
NEO	NEO212	RR	0.66585956010624	0.333720310913919	4.20128979841383e-4
NEO	NEO225	RR	0.998008710829272	0.00199128917072832	1.5817372118102e-22
NEO	NEO23	RR	0.799239863632642	0.20075997689804	1.59469318052708e-7
NEO	NEO260	RR	0.96934656996828406	0.0306534300317155	7.69979349758942e-17
NEO	NEO261	RA	7.9306832160445e-4	0.998413863356791	7.9306832160445e-4
NEO	NEO270	RR	0.666050898233622	0.333816207140669	1.32894625709672e-4
NEO	NEO27	RA	9.99994987152793e-10	0.999994987152792	5.01184721252248e-6
NEO	NEO281	RR	0.799239965656428	0.200760002525256	3.18183161320754e-8
NEO	NEO292	RR	0.666050898233622	0.333816207140669	1.32894625709672e-4
NEO	NEO29	RR	0.666050898233622	0.333816207140669	1.32894625709672e-4
NEO	NEO300	RR	0.799239670936358	0.200759928494922	4.00568719681765e-7
NEO	NEO302	RR	0.98439833775817	0.0156016622418296	6.21113361102613e-19
NEO	NEO304	RR	0.666050898233622	0.333816207140669	1.32894625709672e-4
NEO	NEO305	RR	0.940649056888384	0.0593509431022093	9.40649056888384e-12
NEO	NEO306	RR	0.888184230196937	0.111815769774976	2.80868514926562e-11
NEO	NEO307	RR	0.666050898233622	0.333816207140669	1.32894625709672e-4
NEO	NEO309	AA	1.32894625709672e-4	0.333816207140669	0.666050898233622
NEO	NEO310	RR	0.666050898233622	0.333816207140669	1.32894625709672e-4
NEO	NEO36	RR	0.98439833775817	0.0156016622418296	2.47269682781532e-18
NEO	NEO39	RR	0.666050898233622	0.333816207140669	1.32894625709672e-4
NEO	NEO502	RR	0.666050898233622	0.333816207140669	1.32894625709672e-4
NEO	NEO509	RR	0.799239965656428	0.200760002525256	3.18183161320754e-8
NEO	NEO516	RR	0.666050898233622	0.333816207140669	1.32894625709672e-4
NEO	NEO518	RR	0.799239863632642	0.20075997689804	1.59469318052708e-7
NEO	NEO521	RR	0.666050898233622	0.333816207140669	1.32894625709672e-4
NEO	NEO538	RA	6.28968332288824e-8	0.996847628118177	0.00315230898498995
NEO	NEO539	RR	0.666050898233622	0.333816207140669	1.32894625709672e-4
NEO	NEO555	RR	0.888184230190477	0.111815769774163	3.53592510811367e-11
NEO	NEO560	RR	0.666050898233622	0.333816207140669	1.32894625709672e-4
NEO	NEO561	RR	0.666050898233622	0.333816207140669	1.32894625709672e-4
NEO	NEO564	RR	0.666050898233622	0.333816207140669	1.32894625709672e-4
NEO	NEO568	RR	0.666050898233622	0.333816207140669	1.32894625709672e-4
NEO	NEO569	AA	1.59469318052708e-7	0.20075997689804	0.799239863632642
NEO	NEO570	RR	0.888184230190477	0.111815769774163	3.53592510811367e-11
NEO	NEO587	AA	3.18183161320754e-8	0.200760002525256	0.799239965656428
NEO	NEO589	RR	0.98439833775817	0.0156016622418296	1.96413290624689e-18
NEO	NEO597	RR	0.666050898233622	0.333816207140669	1.32894625709672e-4
NEO	NEO601	RR	0.666050898233622	0.333816207140669	1.32894625709672e-4
NEO	NEO624	RR	0.799239863632642	0.20075997689804	1.59469318052708e-7
NEO	NEO627	RR	0.799239927208447	0.20075999286756	7.99239927208447e-8
NEO	NEO62	RA	0.00158238329185146	0.998416359776422	1.25693172687356e-6
NEO	NEO630	RR	0.666050898233622	0.333816207140669	1.32894625709672e-4
NEO	NEO631	AA	1.32894625709672e-4	0.333816207140669	0.666050898233622
NEO	NEO632	RR	0.799239965656428	0.200760002525256	3.18183161320754e-8
NEO	NEO648	RR	0.666050898233622	0.333816207140669	1.32894625709672e-4
NEO	NEO658	RR	0.666050898233622	0.333816207140669	1.32894625709672e-4
NEO	NEO65	RR	0.666050898233622	0.333816207140669	1.32894625709672e-4
NEO	NEO694	RR	0.666050898233622	0.333816207140669	1.32894625709672e-4
NEO	NEO70	RR	0.98439833775817	0.0156016622418296	1.56016622418296e-18
NEO	NEO721	RR	0.799239965656428	0.200760002525256	3.18183161320754e-8
NEO	NEO73	RA	0.00396528561520264	0.996034713388763	9.96034713388763e-10
NEO	NEO747	RA	7.9306832160445e-4	0.998413863356791	7.9306832160445e-4
NEO	NEO748	RR	0.666050898233622	0.333816207140669	1.32894625709672e-4
NEO	NEO749	RR	0.66585956010624	0.333720310913919	4.20128979841383e-4
NEO	NEO752	RR	0.799239965656428	0.200760002525256	3.18183161320754e-8
NEO	NEO759	RR	0.984398337758165	0.0156016622418295	4.93367879688299e-15
NEO	NEO77	RR	0.666050898233622	0.333816207140669	1.32894625709672e-4
NEO	NEO78	RR	0.799239670936358	0.200759928494922	4.00568719681765e-7
NEO	NEO791	RR	0.666050898233622	0.333816207140669	1.32894625709672e-4
NEO	NEO79	RR	0.666050898233622	0.333816207140669	1.32894625709672e-4
NEO	NEO806	RA	0.00158238329185146	0.998416359776422	1.25693172687356e-6
NEO	NEO812	RR	0.996034714380848	0.0039652856191522	9.96034714380848e-23
NEO	NEO813	RR	0.96934656996828406	0.0306534300317155	1.22033502976858e-16
NEO	NEO816	RR	0.666050898233622	0.333816207140669	1.32894625709672e-4
NEO	NEO819	RR	0.799239863632642	0.20075997689804	1.59469318052708e-7
NEO	NEO83	RR	0.666050898233622	0.333816207140669	1.32894625709672e-4
NEO	NEO843	RR	0.66585956010624	0.333720310913919	4.20128979841383e-4
NEO	NEO847	RR	0.799239670936358	0.200759928494922	4.00568719681765e-7
NEO	NEO853	RR	0.799239965656428	0.200760002525256	3.18183161320754e-8
NEO	NEO855	AA	3.18183161320754e-8	0.200760002525256	0.799239965656428
NEO	NEO856	AA	1.32894625709672e-4	0.333816207140669	0.666050898233622
NEO	NEO861	RR	0.666050898233622	0.333816207140669	1.32894625709672e-4
NEO	NEO866	RR	0.940649056892798	0.0593509431024878	4.71441298638203e-12
NEO	NEO870	RR	0.666050898233622	0.333816207140669	1.32894625709672e-4
NEO	NEO876	RR	0.666050898233622	0.333816207140669	1.32894625709672e-4
NEO	NEO88	RR	0.969346569968283	0.0306534300317155	1.53631077987826e-15
NEO	NEO896	RR	0.663351322078249	0.332463214035391	0.00418546388635917
NEO	NEO898	RR	0.888184229724139	0.111815769715455	5.6040636299593e-10
NEO	NEO901	RR	0.666050898233622	0.333816207140669	1.32894625709672e-4
NEO	NEO907	RR	0.799239863632642	0.20075997689804	1.59469318052708e-7
NEO	NEO911	RR	0.799239863632642	0.20075997689804	1.59469318052708e-7
NEO	NEO912	RR	0.66585956010624	0.333720310913919	4.20128979841383e-4
NEO	NEO917	RR	0.888184230190477	0.111815769774163	3.53592510811367e-11
NEO	NEO91	AA	1.32894625709672e-4	0.333816207140669	0.666050898233622
NEO	NEO921	RR	0.666050898233622	0.333816207140669	1.32894625709672e-4
NEO	NEO922	RR	0.666050898233622	0.333816207140669	1.32894625709672e-4
NEO	NEO92	RR	0.799239965656428	0.200760002525256	3.18183161320754e-8
NEO	NEO932	RR	0.98439833775817	0.0156016622418296	3.11294087219955e-19
NEO	NEO935	RR	0.998008710829272	0.00199128917072832	2.50688453926041e-24
NEO	NEO938	RR	0.666050898233622	0.333816207140669	1.32894625709672e-4
NEO	NEO93	RR	0.666050898233622	0.333816207140669	1.32894625709672e-4
NEO	NEO941	RR	0.666050898233622	0.333816207140669	1.32894625709672e-4
NEO	NEO942	RR	0.666050898233622	0.333816207140669	1.32894625709672e-4
NEO	NEO943	RR	0.888184230196937	0.111815769774976	2.80868514926562e-11
NEO	NEO945	RR	0.888184229724139	0.111815769715455	5.6040636299593e-10
BOTAI	BOT14	RR	0.940649056897144	0.059350943102762	9.40649056897144e-14
BOTAI	BOT15	RA	3.1572727217077e-7	0.998417299491528	0.00158238478119953
BOTAI	BOT2016	RR	0.999999498813018	5.01186982438755e-7	3.16227607527598e-26
BOTAI	DA246	RR	0.666050898233622	0.333816207140669	1.32894625709672e-4
BOTAI	DA247	RR	0.996034714380848	0.0039652856191522	3.96528561915221e-22
BOTAI	DA248	RR	0.888184229724139	0.111815769715455	5.6040636299593e-10
BOTAI	DA249	RR	0.999499063829186	5.00936170813599e-4	3.16069356090624e-26
BOTAI	DA250	RR	0.799239863632642	0.20075997689804	1.59469318052708e-7
BOTAI	DA251	RR	0.666050898233622	0.333816207140669	1.32894625709672e-4
BOTAI	DA252	RR	0.799239863632642	0.20075997689804	1.59469318052708e-7
BOTAI	DA253	RR	0.998008710829272	0.00199128917072832	1.5817372118102e-22
BOTAI	DA334	RR	0.666050898233622	0.333816207140669	1.32894625709672e-4
BOTAI	DA336	RR	0.799239863632642	0.20075997689804	1.59469318052708e-7
BOTAI	DA337	RR	0.96934656996828406	0.0306534300317155	1.93410068120207e-16
BOTAI	DA338	RR	0.666050898233622	0.333816207140669	1.32894625709672e-4
BOTAI	DA339	RR	0.666050898233622	0.333816207140669	1.32894625709672e-4
BOTAI	DA342	RR	0.666050898233622	0.333816207140669	1.32894625709672e-4
BOTAI	DA343	RR	0.799239789085534	0.200759958172653	2.52741813014287e-7
BOTAI	DA344	RR	0.666050898233622	0.333816207140669	1.32894625709672e-4
BOTAI	DA345	RR	0.888184230064483	0.111815769758301	1.77216052299731e-10
BOTAI	DA355	RR	0.666050898233622	0.333816207140669	1.32894625709672e-4
BOTAI	DA356	RR	0.665917101116563	0.333749149733703	3.33749149733703e-4
BOTAI	DA358	RR	0.666050898233622	0.333816207140669	1.32894625709672e-4
BOTAI	DA359	RR	0.666050898233622	0.333816207140669	1.32894625709672e-4
BOTAI	DA360	RR	0.799239965656428	0.200760002525256	3.18183161320754e-8
BOTAI	DA361	RR	0.666050898233622	0.333816207140669	1.32894625709672e-4
BOTAI	DA362	RR	0.888184229433012	0.111815769678804	8.88184229433012e-10
BOTAI	DA380	RR	0.665917101116563	0.333749149733703	3.33749149733703e-4
BOTAI	DA381	RR	0.888184230196937	0.111815769774976	2.80868514926562e-11
BOTAI	DA383	RR	0.666050898233622	0.333816207140669	1.32894625709672e-4
BOTAI	EBA1	RR	0.96934656996828406	0.0306534300317155	7.69979349758942e-17
BOTAI	EBA2	RR	0.99211931614967	0.00788068385033028	1.97953828346614e-21
BOTAI	MA2195	RR	0.666050898233622	0.333816207140669	1.32894625709672e-4
BOTAI	MA2197	RR	0.666050898233622	0.333816207140669	1.32894625709672e-4
BOTAI	MA2198	AA	1.32894625709672e-4	0.333816207140669	0.666050898233622
BOTAI	MA2200	RR	0.96934656996828406	0.0306534300317155	7.69979349758942e-17
BOTAI	MA2205	RR	0.666027980346896	0.33380472098842	1.6729866468391e-4
BOTAI	MA2210	RR	0.799239965656428	0.200760002525256	3.18183161320754e-8
BOTAI	MA2213	RR	0.984398337758165	0.0156016622418295	4.93367879688299e-15
BOTAI	RISE662	RR	0.665999130679373	0.333790261903363	2.10607417263894e-4
BOTAI	RISE664	RR	0.94064905689688	0.0593509431027454	3.74479134525032e-13
BOTAI	RISE672	AA	2.80868514926562e-11	0.111815769774976	0.888184230196937
BOTAI	RISE674	RR	0.79923994034644	0.200759996167675	6.34858850936528e-8
BOTAI	RISE675	RR	0.666027980346896	0.33380472098842	1.6729866468391e-4
BOTAI	RISE680	RR	0.799239965656428	0.200760002525256	3.18183161320754e-8
BOTAI	RISE683	RR	0.940649056897176	0.0593509431027641	5.93509431027642e-14
BOTAI	RISE685	RR	0.665999130679373	0.333790261903363	2.10607417263894e-4
BOTAI	RISE718	RR	0.666050898233622	0.333816207140669	1.32894625709672e-4
BOTAI	RISE719	RR	0.888184229724139	0.111815769715455	5.6040636299593e-10
BOTAI	Yamnaya	RA	3.98107170553499e-17	1	1e-22
RISE	RISE00	RR	0.940649056892798	0.0593509431024878	4.71441298638203e-12
RISE	RISE174	AA	2.65124571835507e-4	0.333772060774768	0.665962814653397
RISE	RISE392	RR	0.799239927208447	0.20075999286756	7.99239927208447e-8
RISE	RISE397	RR	0.666027980346896	0.33380472098842	1.6729866468391e-4
RISE	RISE423	RR	0.666050898233622	0.333816207140669	1.32894625709672e-4
RISE	RISE479	RR	0.665917101116563	0.333749149733703	3.33749149733703e-4
RISE	RISE486	RR	0.665917101116563	0.333749149733703	3.33749149733703e-4
RISE	RISE487	RR	0.666050898233622	0.333816207140669	1.32894625709672e-4
RISE	RISE489	RR	0.665581254931344	0.333580827913209	8.37917155446921e-4
RISE	RISE493	RR	0.999000999000999	9.99000999000999e-4	3.97709461092406e-26
RISE	RISE495	RR	0.79923958804129	0.200759907672622	5.04286088073976e-7
RISE	RISE496	RR	0.888184230172109	0.111815769771851	5.60406363278579e-11
RISE	RISE497	RR	0.99211931614967	0.00788068385033028	3.13735674968163e-20
RISE	RISE499	RR	0.799239965656428	0.200760002525256	3.18183161320754e-8
RISE	RISE500	RR	0.940649056897197	0.0593509431027654	3.74479134525159e-14
RISE	RISE502	RR	0.799239863632642	0.20075997689804	1.59469318052708e-7
RISE	RISE503	RR	0.799239863632642	0.20075997689804	1.59469318052708e-7
RISE	RISE504	RR	0.799239959071833	0.200760000871281	4.00568864091586e-8
RISE	RISE505	RR	0.999499063829186	5.00936170813599e-4	3.16069356090624e-26
RISE	RISE507	AA	1.32894625709672e-4	0.333816207140669	0.666050898233622
RISE	RISE509	RA	1.25693172687356e-6	0.998416359776422	0.00158238329185146
RISE	RISE511	RR	0.96934656996828406	0.0306534300317155	6.11616337668173e-16
RISE	RISE523	RR	0.799239670936358	0.200759928494922	4.00568719681765e-7
RISE	RISE546	RR	0.666050898233622	0.333816207140669	1.32894625709672e-4
RISE	RISE548	RR	0.666050898233622	0.333816207140669	1.32894625709672e-4
RISE	RISE552	RR	0.666050898233622	0.333816207140669	1.32894625709672e-4
RISE	RISE555	RR	0.666050898233622	0.333816207140669	1.32894625709672e-4
RISE	RISE566	RR	0.666050898233622	0.333816207140669	1.32894625709672e-4
RISE	RISE569	RA	5.01184720168553e-6	0.999994984990536	3.16226180131599e-9
RISE	RISE98	RR	0.940649056892798	0.0593509431024878	4.71441298638203e-12
VK	VK101	RR	0.666050898233622	0.333816207140669	1.32894625709672e-4
VK	VK102	RR	0.940649056896674	0.0593509431027324	5.93509431027325e-13
VK	VK108	AA	1.32894625709672e-4	0.333816207140669	0.666050898233622
VK	VK110	AA	3.18183161320754e-8	0.200760002525256	0.799239965656428
VK	VK111	RA	1.25693172687356e-6	0.998416359776422	0.00158238329185146
VK	VK118	RR	0.99211931614967	0.00788068385033028	2.49209104867491e-20
VK	VK122	RR	0.799239965656428	0.200760002525256	3.18183161320754e-8
VK	VK123	RR	0.666050898233622	0.333816207140669	1.32894625709672e-4
VK	VK127	RR	0.666050898233622	0.333816207140669	1.32894625709672e-4
VK	VK128	RA	7.92442837744899e-4	0.997626425831336	0.0015811313309194
VK	VK129	RR	0.888184230190477	0.111815769774163	3.53592510811367e-11
VK	VK134	RR	0.666050898233622	0.333816207140669	1.32894625709672e-4
VK	VK141	RR	0.940649056897204	0.0593509431027658	2.97459349868448e-14
VK	VK143	RR	0.799239863632642	0.20075997689804	1.59469318052708e-7
VK	VK145	RR	0.666050898233622	0.333816207140669	1.32894625709672e-4
VK	VK146	AA	1.32894625709672e-4	0.333816207140669	0.666050898233622
VK	VK147	AA	1.32894625709672e-4	0.333816207140669	0.666050898233622
VK	VK14	RR	0.666050898233622	0.333816207140669	1.32894625709672e-4
VK	VK151	AA	3.18183161320754e-8	0.200760002525256	0.799239965656428
VK	VK154	RR	0.94064905689701	0.0593509431027536	2.36280360283188e-13
VK	VK156	RR	0.799239889846381	0.200759983482633	1.2667098605609e-7
VK	VK157	RR	0.666050898233622	0.333816207140669	1.32894625709672e-4
VK	VK15	RR	0.666050898233622	0.333816207140669	1.32894625709672e-4
VK	VK160	RR	0.940649056897121	0.0593509431027606	1.184207001308e-13
VK	VK166	RR	0.96934656996828406	0.0306534300317155	1.53631077987826e-16
VK	VK167	RR	0.940649056886093	0.0593509431020648	1.18420700129412e-11
VK	VK168	RR	0.666050898233622	0.333816207140669	1.32894625709672e-4
VK	VK170	RR	0.666050898233622	0.333816207140669	1.32894625709672e-4
VK	VK172	RR	0.79923994034644	0.200759996167675	6.34858850936528e-8
VK	VK173	RR	0.888184230196937	0.111815769774976	2.80868514926562e-11
VK	VK174	RR	0.799238978682875	0.200759754608709	1.26670841646406e-6
VK	VK176	RR	0.799239863632642	0.20075997689804	1.59469318052708e-7
VK	VK177	RR	0.940649056897204	0.0593509431027658	2.97459349868448e-14
VK	VK178	RR	0.799239927208447	0.20075999286756	7.99239927208447e-8
VK	VK179	RR	0.888184230190477	0.111815769774163	3.53592510811367e-11
VK	VK17	RR	0.666050898233622	0.333816207140669	1.32894625709672e-4
VK	VK184	RR	0.799239965656428	0.200760002525256	3.18183161320754e-8
VK	VK18	RR	0.666050898233622	0.333816207140669	1.32894625709672e-4
VK	VK190	RR	0.940649056897197	0.0593509431027654	3.74479134525159e-14
VK	VK1	RR	0.98439833775817	0.0156016622418296	4.93367879688302e-19
VK	VK202	AA	1.32894625709672e-4	0.333816207140669	0.666050898233622
VK	VK203	RR	0.799239483682606	0.200759881458906	6.34858488195551e-7
VK	VK205	RR	0.799239736782264	0.200759945034666	3.18183070204309e-7
VK	VK207	RR	0.799239863632642	0.20075997689804	1.59469318052708e-7
VK	VK20	AA	1.32894625709672e-4	0.333816207140669	0.666050898233622
VK	VK213	RR	0.665962814653397	0.333772060774768	2.65124571835507e-4
VK	VK219	RR	0.888184229724139	0.111815769715455	5.6040636299593e-10
VK	VK21	RR	0.665962814653397	0.333772060774768	2.65124571835507e-4
VK	VK221	RR	0.666050898233622	0.333816207140669	1.32894625709672e-4
VK	VK225	RR	0.666050898233622	0.333816207140669	1.32894625709672e-4
VK	VK227	RR	0.666050898233622	0.333816207140669	1.32894625709672e-4
VK	VK230	RR	0.940649056897162	0.0593509431027632	7.47184104860184e-14
VK	VK234	RR	0.799239863632642	0.20075997689804	1.59469318052708e-7
VK	VK236	RR	0.888184230196937	0.111815769774976	2.80868514926562e-11
VK	VK237	RR	0.888184230172109	0.111815769771851	5.60406363278579e-11
VK	VK238	RR	0.666050898233622	0.333816207140669	1.32894625709672e-4
VK	VK240	RR	0.666050898233622	0.333816207140669	1.32894625709672e-4
VK	VK242	RR	0.799239863632642	0.20075997689804	1.59469318052708e-7
VK	VK245	RR	0.940649056897092	0.0593509431027588	1.49082828677117e-13
VK	VK254	RR	0.799239863632642	0.20075997689804	1.59469318052708e-7
VK	VK256	RR	0.799239863632642	0.20075997689804	1.59469318052708e-7
VK	VK257	RR	0.666050898233622	0.333816207140669	1.32894625709672e-4
VK	VK258	RR	0.665962814653397	0.333772060774768	2.65124571835507e-4
VK	VK259	RR	0.799239965656428	0.200760002525256	3.18183161320754e-8
VK	VK25	RR	0.665962814653397	0.333772060774768	2.65124571835507e-4
VK	VK260	RR	0.665026657700583	0.333302870861346	0.00167047143807026
VK	VK261	RR	0.799239736782264	0.200759945034666	3.18183070204309e-7
VK	VK262	RR	0.666050898233622	0.333816207140669	1.32894625709672e-4
VK	VK263	RR	0.799239863632642	0.20075997689804	1.59469318052708e-7
VK	VK266	RR	0.666050898233622	0.333816207140669	1.32894625709672e-4
VK	VK273	RR	0.799239965656428	0.200760002525256	3.18183161320754e-8
VK	VK274	RR	0.799239863632642	0.20075997689804	1.59469318052708e-7
VK	VK276	RR	0.666050898233622	0.333816207140669	1.32894625709672e-4
VK	VK278	RA	7.9306832160445e-4	0.998413863356791	7.9306832160445e-4
VK	VK279	RA	0.00158238478119953	0.998417299491528	3.1572727217077e-7
VK	VK281	RR	0.79923994034644	0.200759996167675	6.34858850936528e-8
VK	VK284	RR	0.666050898233622	0.333816207140669	1.32894625709672e-4
VK	VK286	AA	1.32894625709672e-4	0.333816207140669	0.666050898233622
VK	VK287	RR	0.666050898233622	0.333816207140669	1.32894625709672e-4
VK	VK289	RR	0.799239863632642	0.20075997689804	1.59469318052708e-7
VK	VK290	RR	0.666050898233622	0.333816207140669	1.32894625709672e-4
VK	VK291	RR	0.799239863632642	0.20075997689804	1.59469318052708e-7
VK	VK295	RR	0.666050898233622	0.333816207140669	1.32894625709672e-4
VK	VK298	RR	0.666050898233622	0.333816207140669	1.32894625709672e-4
VK	VK29	RA	0.00158238329185146	0.998416359776422	1.25693172687356e-6
VK	VK303	RR	0.799239863632642	0.20075997689804	1.59469318052708e-7
VK	VK306	RR	0.799239863632642	0.20075997689804	1.59469318052708e-7
VK	VK308	RR	0.666050898233622	0.333816207140669	1.32894625709672e-4
VK	VK309	RR	0.666050898233622	0.333816207140669	1.32894625709672e-4
VK	VK312	RR	0.666050898233622	0.333816207140669	1.32894625709672e-4
VK	VK313	AA	1.32894625709672e-4	0.333816207140669	0.666050898233622
VK	VK316	AA	3.18183070204309e-7	0.200759945034666	0.799239736782264
VK	VK317	RR	0.666050898233622	0.333816207140669	1.32894625709672e-4
VK	VK319	RR	0.666050898233622	0.333816207140669	1.32894625709672e-4
VK	VK322	RR	0.799239863632642	0.20075997689804	1.59469318052708e-7
VK	VK323	RR	0.888184228647878	0.111815769579961	1.77216052017082e-9
VK	VK326	RA	7.9306832160445e-4	0.998413863356791	7.9306832160445e-4
VK	VK327	RR	0.799239830631503	0.200759968608529	2.00759968608529e-7
VK	VK328	RR	0.888184230196937	0.111815769774976	2.80868514926562e-11
VK	VK329	RR	0.888184230190477	0.111815769774163	3.53592510811367e-11
VK	VK330	RR	0.888184230196937	0.111815769774976	2.80868514926562e-11
VK	VK332	RR	0.888184230190477	0.111815769774163	3.53592510811367e-11
VK	VK333	RR	0.888184230190477	0.111815769774163	3.53592510811367e-11
VK	VK335	RR	0.799239863632642	0.20075997689804	1.59469318052708e-7
VK	VK336	RR	0.888184230172109	0.111815769771851	5.60406363278579e-11
VK	VK338	RR	0.666050898233622	0.333816207140669	1.32894625709672e-4
VK	VK33	RR	0.888184230172109	0.111815769771851	5.60406363278579e-11
VK	VK343	RR	0.799239965656428	0.200760002525256	3.18183161320754e-8
VK	VK345	RR	0.666050898233622	0.333816207140669	1.32894625709672e-4
VK	VK346	RR	0.888184230196937	0.111815769774976	2.80868514926562e-11
VK	VK348	RR	0.666050898233622	0.333816207140669	1.32894625709672e-4
VK	VK34	RR	0.666050898233622	0.333816207140669	1.32894625709672e-4
VK	VK350	RR	0.666050898233622	0.333816207140669	1.32894625709672e-4
VK	VK352	RR	0.79923994034644	0.200759996167675	6.34858850936528e-8
VK	VK353	AA	1.32894625709672e-4	0.333816207140669	0.666050898233622
VK	VK355	RR	0.940649056895467	0.0593509431026562	1.87684161483455e-12
VK	VK357	RR	0.799237971077849	0.20075950150977	2.52741238109778e-6
VK	VK358	RR	0.666050898233622	0.333816207140669	1.32894625709672e-4
VK	VK361	RR	0.666050898233622	0.333816207140669	1.32894625709672e-4
VK	VK362	RR	0.666050898233622	0.333816207140669	1.32894625709672e-4
VK	VK363	RR	0.888184230190477	0.111815769774163	3.53592510811367e-11
VK	VK364	RR	0.665962814653397	0.333772060774768	2.65124571835507e-4
VK	VK365	RR	0.666050898233622	0.333816207140669	1.32894625709672e-4
VK	VK366	RR	0.799239863632642	0.20075997689804	1.59469318052708e-7
VK	VK367	RR	0.799239965656428	0.200760002525256	3.18183161320754e-8
VK	VK369	RR	0.666050898233622	0.333816207140669	1.32894625709672e-4
VK	VK370	RR	0.799239965656428	0.200760002525256	3.18183161320754e-8
VK	VK373	RR	0.666050898233622	0.333816207140669	1.32894625709672e-4
VK	VK384	RR	0.666050898233622	0.333816207140669	1.32894625709672e-4
VK	VK387	RR	0.666050898233622	0.333816207140669	1.32894625709672e-4
VK	VK388	RA	1.25693172687356e-6	0.998416359776422	0.00158238329185146
VK	VK389	RR	0.799239965656428	0.200760002525256	3.18183161320754e-8
VK	VK390	RR	0.79923994034644	0.200759996167675	6.34858850936528e-8
VK	VK392	RR	0.666050898233622	0.333816207140669	1.32894625709672e-4
VK	VK393	RR	0.799239863632642	0.20075997689804	1.59469318052708e-7
VK	VK394	RR	0.665917101116563	0.333749149733703	3.33749149733703e-4
VK	VK395	RR	0.79923958804129	0.200759907672622	5.04286088073976e-7
VK	VK396	RR	0.799239863632642	0.20075997689804	1.59469318052708e-7
VK	VK397	RR	0.666050898233622	0.333816207140669	1.32894625709672e-4
VK	VK398	RR	0.666050898233622	0.333816207140669	1.32894625709672e-4
VK	VK399	RR	0.96934656996828406	0.0306534300317155	9.69346569968284e-17
VK	VK400	RR	0.666050898233622	0.333816207140669	1.32894625709672e-4
VK	VK401	RR	0.799239965656428	0.200760002525256	3.18183161320754e-8
VK	VK402	AA	1.32894625709672e-4	0.333816207140669	0.666050898233622
VK	VK403	RR	0.666050898233622	0.333816207140669	1.32894625709672e-4
VK	VK404	RR	0.888184230159221	0.111815769770228	7.05509811652319e-11
VK	VK408	AA	1.32894625709672e-4	0.333816207140669	0.666050898233622
VK	VK409	RR	0.666050898233622	0.333816207140669	1.32894625709672e-4
VK	VK40	RR	0.666050898233622	0.333816207140669	1.32894625709672e-4
VK	VK414	RR	0.799239965656428	0.200760002525256	3.18183161320754e-8
VK	VK418	RR	0.799239789085534	0.200759958172653	2.52741813014287e-7
VK	VK419	RR	0.799239670936358	0.200759928494922	4.00568719681765e-7
VK	VK420	RR	0.799239965656428	0.200760002525256	3.18183161320754e-8
VK	VK426	RR	0.666050898233622	0.333816207140669	1.32894625709672e-4
VK	VK429	RR	0.98439833775817	0.0156016622418296	1.2392840827317e-18
VK	VK42	RA	1.9952623149688e-17	0.99999999999996	3.98107170553481e-14
VK	VK433	RR	0.799239965656428	0.200760002525256	3.18183161320754e-8
VK	VK438	RR	0.665962814653397	0.333772060774768	2.65124571835507e-4
VK	VK442	RR	0.665962814653397	0.333772060774768	2.65124571835507e-4
VK	VK443	RR	0.666050898233622	0.333816207140669	1.32894625709672e-4
VK	VK444	RR	0.666050898233622	0.333816207140669	1.32894625709672e-4
VK	VK445	RR	0.888184230196937	0.111815769774976	2.80868514926562e-11
VK	VK446	RR	0.799239965656428	0.200760002525256	3.18183161320754e-8
VK	VK448	RR	0.940649056897204	0.0593509431027658	2.97459349868448e-14
VK	VK44	AA	1.6729866468391e-4	0.33380472098842	0.666027980346896
VK	VK456	AA	1.59469318052708e-7	0.20075997689804	0.799239863632642
VK	VK461	RR	0.666050898233622	0.333816207140669	1.32894625709672e-4
VK	VK466	RR	0.799239863632642	0.20075997689804	1.59469318052708e-7
VK	VK468	RA	2.5118863683939e-8	0.999999974873193	7.9432821476535e-12
VK	VK469	RR	0.666050898233622	0.333816207140669	1.32894625709672e-4
VK	VK46	RR	0.799239965656428	0.200760002525256	3.18183161320754e-8
VK	VK473	RR	0.666050898233622	0.333816207140669	1.32894625709672e-4
VK	VK474	RR	0.799239965656428	0.200760002525256	3.18183161320754e-8
VK	VK475	RR	0.799239863632642	0.20075997689804	1.59469318052708e-7
VK	VK477	RR	0.666050898233622	0.333816207140669	1.32894625709672e-4
VK	VK478	RR	0.940649056897204	0.0593509431027658	2.97459349868448e-14
VK	VK480	RR	0.799239965656428	0.200760002525256	3.18183161320754e-8
VK	VK481	RR	0.666050898233622	0.333816207140669	1.32894625709672e-4
VK	VK482	RR	0.666050898233622	0.333816207140669	1.32894625709672e-4
VK	VK483	RR	0.666050898233622	0.333816207140669	1.32894625709672e-4
VK	VK484	AA	1.6729866468391e-4	0.33380472098842	0.666027980346896
VK	VK486	RR	0.799239863632642	0.20075997689804	1.59469318052708e-7
VK	VK487	RR	0.665962814653397	0.333772060774768	2.65124571835507e-4
VK	VK488	RR	0.666050898233622	0.333816207140669	1.32894625709672e-4
VK	VK489	AA	6.34858850936528e-8	0.200759996167675	0.79923994034644
VK	VK48	RR	0.940649056897144	0.059350943102762	9.40649056897144e-14
VK	VK491	RR	0.666050898233622	0.333816207140669	1.32894625709672e-4
VK	VK493	RR	0.799239863632642	0.20075997689804	1.59469318052708e-7
VK	VK495	AA	1.32894625709672e-4	0.333816207140669	0.666050898233622
VK	VK497	RR	0.666050898233622	0.333816207140669	1.32894625709672e-4
VK	VK498	RR	0.666050898233622	0.333816207140669	1.32894625709672e-4
VK	VK504	RR	0.79923994034644	0.200759996167675	6.34858850936528e-8
VK	VK505	RR	0.888184230196937	0.111815769774976	2.80868514926562e-11
VK	VK506	RR	0.666050898233622	0.333816207140669	1.32894625709672e-4
VK	VK507	RR	0.666050898233622	0.333816207140669	1.32894625709672e-4
VK	VK508	RR	0.940649056897188	0.0593509431027648	4.71441298640404e-14
VK	VK509	RR	0.888184230064483	0.111815769758301	1.77216052299731e-10
VK	VK50	RR	0.96934656996828406	0.0306534300317155	1.93410068120207e-16
VK	VK510	RA	4.98044758682201e-8	0.993729938166365	0.00627001202915916
VK	VK511	RR	0.940649056897121	0.0593509431027606	1.184207001308e-13
VK	VK514	RA	7.9306832160445e-4	0.998413863356791	7.9306832160445e-4
VK	VK515	AA	1.32894625709672e-4	0.333816207140669	0.666050898233622
VK	VK516	RA	7.9306832160445e-4	0.998413863356791	7.9306832160445e-4
VK	VK517	RR	0.666050898233622	0.333816207140669	1.32894625709672e-4
VK	VK518	RR	0.665962814653397	0.333772060774768	2.65124571835507e-4
VK	VK520	RR	0.799239965656428	0.200760002525256	3.18183161320754e-8
VK	VK521	RA	0.0031523091043274	0.996847665855991	2.50396812614566e-8
VK	VK522	RR	0.888184230172109	0.111815769771851	5.60406363278579e-11
VK	VK523	RA	0.00158238402585836	0.998416822903469	7.93070672455939e-7
VK	VK524	RR	0.666050898233622	0.333816207140669	1.32894625709672e-4
VK	VK525	RR	0.666050898233622	0.333816207140669	1.32894625709672e-4
VK	VK526	RR	0.799239927208447	0.20075999286756	7.99239927208447e-8
VK	VK527	RR	0.799239863632642	0.20075997689804	1.59469318052708e-7
VK	VK528	RA	7.92442837744899e-4	0.997626425831336	0.0015811313309194
VK	VK529	RR	0.888184230190477	0.111815769774163	3.53592510811367e-11
VK	VK530	RA	0.0049829403849643	0.994227316785579	7.89742829456948e-4
VK	VK532	RR	0.98439833775817	0.0156016622418296	1.56016622418296e-18
VK	VK533	RA	3.98107168965441e-9	0.999999996010985	7.94328231555695e-12
VK	VK535	RR	0.666050898233622	0.333816207140669	1.32894625709672e-4
VK	VK536	RR	0.666050898233622	0.333816207140669	1.32894625709672e-4
VK	VK537	RR	0.799239863632642	0.20075997689804	1.59469318052708e-7
VK	VK538	RR	0.799239965656428	0.200760002525256	3.18183161320754e-8
VK	VK539	RR	0.799239927208447	0.20075999286756	7.99239927208447e-8
VK	VK53	RR	0.940649056897121	0.0593509431027606	1.184207001308e-13
VK	VK540	RR	0.666050898233622	0.333816207140669	1.32894625709672e-4
VK	VK541	RR	0.940649056897188	0.0593509431027648	4.71441298640404e-14
VK	VK547	RR	0.998008710829272	0.00199128917072832	1.5817372118102e-23
VK	VK548	RA	5.01184721122479e-6	0.99999498689387	1.25891910066747e-9
VK	VK549	RR	0.666050898233622	0.333816207140669	1.32894625709672e-4
VK	VK550	RR	0.666050898233622	0.333816207140669	1.32894625709672e-4
VK	VK551	RR	0.799239863632642	0.20075997689804	1.59469318052708e-7
VK	VK552	RR	0.666050898233622	0.333816207140669	1.32894625709672e-4
VK	VK553	RR	0.799239789085534	0.200759958172653	2.52741813014287e-7
VK	VK554	RR	0.940649056897204	0.0593509431027658	2.97459349868448e-14
VK	VK555	RR	0.799239863632642	0.20075997689804	1.59469318052708e-7
VK	VK58	RR	0.969346569968283	0.0306534300317155	1.53631077987826e-15
VK	VK64	RR	0.666050898233622	0.333816207140669	1.32894625709672e-4
VK	VK69	RR	0.665962814653397	0.333772060774768	2.65124571835507e-4
VK	VK6	RA	5.00393911931662e-7	0.998417115117102	0.00158238448898576
VK	VK70	RA	6.30957344480114e-16	0.999999999999873	1.25892541179401e-13
VK	VK75	AA	1.32894625709672e-4	0.333816207140669	0.666050898233622
VK	VK87	RR	0.96934656996828406	0.0306534300317155	7.69979349758942e-17
VK	VK94	AA	1.32894625709672e-4	0.333816207140669	0.666050898233622
VK	VK98	RR	0.799239863632642	0.20075997689804	1.59469318052708e-7